bmc_sample_code,sample,run_code
D18-218001-lane1,a01_D02_lane1,lane1
D18-218001-lane2,a01_D02_lane2,lane2
D18-218002-lane1,b03_D02_lane1,lane1
D18-218002-lane2,b03_D02_lane2,lane2
D18-218003-lane1,c05_D02_lane1,lane1
D18-218003-lane2,c05_D02_lane2,lane2
D18-218004-lane1,a07_D03_lane1,lane1
D18-218004-lane2,a07_D03_lane2,lane2
D18-218005-lane1,b09_D03_lane1,lane1
D18-218005-lane2,b09_D03_lane2,lane2
D18-218006-lane1,a01_D04_lane1,lane1
D18-218006-lane2,a01_D04_lane2,lane2
D18-218007-lane1,b03_D04_lane1,lane1
D18-218007-lane2,b03_D04_lane2,lane2
D18-218008-lane1,c05_D04_lane1,lane1
D18-218008-lane2,c05_D04_lane2,lane2
D18-218009-lane1,a02_D02_lane1,lane1
D18-218009-lane2,a02_D02_lane2,lane2
D18-218010-lane1,b04_D02_lane1,lane1
D18-218010-lane2,b04_D02_lane2,lane2
D18-218011-lane1,c06_D02_lane1,lane1
D18-218011-lane2,c06_D02_lane2,lane2
D18-218012-lane1,a08_D03_lane1,lane1
D18-218012-lane2,a08_D03_lane2,lane2
D18-218013-lane1,b10_D03_lane1,lane1
D18-218013-lane2,b10_D03_lane2,lane2
D18-218014-lane1,a02_D04_lane1,lane1
D18-218014-lane2,a02_D04_lane2,lane2
D18-218015-lane1,b04_D04_lane1,lane1
D18-218015-lane2,b04_D04_lane2,lane2
D18-218016-lane1,c06_D04_lane1,lane1
D18-218016-lane2,c06_D04_lane2,lane2
D18-218017-lane1,a03_D02_lane1,lane1
D18-218017-lane2,a03_D02_lane2,lane2
D18-218018-lane1,b05_D02_lane1,lane1
D18-218018-lane2,b05_D02_lane2,lane2
D18-218019-lane1,c07_D02_lane1,lane1
D18-218019-lane2,c07_D02_lane2,lane2
D18-218020-lane1,a09_D03_lane1,lane1
D18-218020-lane2,a09_D03_lane2,lane2
D18-218021-lane1,c01_D03_lane1,lane1
D18-218021-lane2,c01_D03_lane2,lane2
D18-218022-lane1,a03_D04_lane1,lane1
D18-218022-lane2,a03_D04_lane2,lane2
D18-218023-lane1,b05_D04_lane1,lane1
D18-218023-lane2,b05_D04_lane2,lane2
D18-218024-lane1,c07_D04_lane1,lane1
D18-218024-lane2,c07_D04_lane2,lane2
D18-218025-lane1,a04_D02_lane1,lane1
D18-218025-lane2,a04_D02_lane2,lane2
D18-218026-lane1,b06_D02_lane1,lane1
D18-218026-lane2,b06_D02_lane2,lane2
D18-218027-lane1,c08_D02_lane1,lane1
D18-218027-lane2,c08_D02_lane2,lane2
D18-218028-lane1,a10_D03_lane1,lane1
D18-218028-lane2,a10_D03_lane2,lane2
D18-218029-lane1,c02_D03_lane1,lane1
D18-218029-lane2,c02_D03_lane2,lane2
D18-218030-lane1,a04_D04_lane1,lane1
D18-218030-lane2,a04_D04_lane2,lane2
D18-218031-lane1,b06_D04_lane1,lane1
D18-218031-lane2,b06_D04_lane2,lane2
D18-218032-lane1,c08_D04_lane1,lane1
D18-218032-lane2,c08_D04_lane2,lane2
D18-218033-lane1,a05_D02_lane1,lane1
D18-218033-lane2,a05_D02_lane2,lane2
D18-218034-lane1,b07_D02_lane1,lane1
D18-218034-lane2,b07_D02_lane2,lane2
D18-218035-lane1,c09_D02_lane1,lane1
D18-218035-lane2,c09_D02_lane2,lane2
D18-218036-lane1,b01_D03_lane1,lane1
D18-218036-lane2,b01_D03_lane2,lane2
D18-218037-lane1,c03_D03_lane1,lane1
D18-218037-lane2,c03_D03_lane2,lane2
D18-218038-lane1,a05_D04_lane1,lane1
D18-218038-lane2,a05_D04_lane2,lane2
D18-218039-lane1,b07_D04_lane1,lane1
D18-218039-lane2,b07_D04_lane2,lane2
D18-218040-lane1,c09_D04_lane1,lane1
D18-218040-lane2,c09_D04_lane2,lane2
D18-218041-lane1,a06_D02_lane1,lane1
D18-218041-lane2,a06_D02_lane2,lane2
D18-218042-lane1,b08_D02_lane1,lane1
D18-218042-lane2,b08_D02_lane2,lane2
D18-218043-lane1,c10_D02_lane1,lane1
D18-218043-lane2,c10_D02_lane2,lane2
D18-218044-lane1,b02_D03_lane1,lane1
D18-218044-lane2,b02_D03_lane2,lane2
D18-218045-lane1,c04_D03_lane1,lane1
D18-218045-lane2,c04_D03_lane2,lane2
D18-218046-lane1,a06_D04_lane1,lane1
D18-218046-lane2,a06_D04_lane2,lane2
D18-218047-lane1,b08_D04_lane1,lane1
D18-218047-lane2,b08_D04_lane2,lane2
D18-218048-lane1,c10_D04_lane1,lane1
D18-218048-lane2,c10_D04_lane2,lane2
D18-218049-lane1,a07_D02_lane1,lane1
D18-218049-lane2,a07_D02_lane2,lane2
D18-218050-lane1,b09_D02_lane1,lane1
D18-218050-lane2,b09_D02_lane2,lane2
D18-218051-lane1,a01_D03_lane1,lane1
D18-218051-lane2,a01_D03_lane2,lane2
D18-218052-lane1,b03_D03_lane1,lane1
D18-218052-lane2,b03_D03_lane2,lane2
D18-218053-lane1,c05_D03_lane1,lane1
D18-218053-lane2,c05_D03_lane2,lane2
D18-218054-lane1,a07_D04_lane1,lane1
D18-218054-lane2,a07_D04_lane2,lane2
D18-218055-lane1,b09_D04_lane1,lane1
D18-218055-lane2,b09_D04_lane2,lane2
D18-218056-lane1,a01_D05_lane1,lane1
D18-218056-lane2,a01_D05_lane2,lane2
D18-218057-lane1,a08_D02_lane1,lane1
D18-218057-lane2,a08_D02_lane2,lane2
D18-218058-lane1,b10_D02_lane1,lane1
D18-218058-lane2,b10_D02_lane2,lane2
D18-218059-lane1,a02_D03_lane1,lane1
D18-218059-lane2,a02_D03_lane2,lane2
D18-218060-lane1,b04_D03_lane1,lane1
D18-218060-lane2,b04_D03_lane2,lane2
D18-218061-lane1,c06_D03_lane1,lane1
D18-218061-lane2,c06_D03_lane2,lane2
D18-218062-lane1,a08_D04_lane1,lane1
D18-218062-lane2,a08_D04_lane2,lane2
D18-218063-lane1,b10_D04_lane1,lane1
D18-218063-lane2,b10_D04_lane2,lane2
D18-218064-lane1,a02_D05_lane1,lane1
D18-218064-lane2,a02_D05_lane2,lane2
D18-218065-lane1,a09_D02_lane1,lane1
D18-218065-lane2,a09_D02_lane2,lane2
D18-218066-lane1,c01_D02_lane1,lane1
D18-218066-lane2,c01_D02_lane2,lane2
D18-218067-lane1,a03_D03_lane1,lane1
D18-218067-lane2,a03_D03_lane2,lane2
D18-218068-lane1,b05_D03_lane1,lane1
D18-218068-lane2,b05_D03_lane2,lane2
D18-218069-lane1,c07_D03_lane1,lane1
D18-218069-lane2,c07_D03_lane2,lane2
D18-218070-lane1,a09_D04_lane1,lane1
D18-218070-lane2,a09_D04_lane2,lane2
D18-218071-lane1,c01_D04_lane1,lane1
D18-218071-lane2,c01_D04_lane2,lane2
D18-218072-lane1,a03_D05_lane1,lane1
D18-218072-lane2,a03_D05_lane2,lane2
D18-218073-lane1,a10_D02_lane1,lane1
D18-218073-lane2,a10_D02_lane2,lane2
D18-218074-lane1,c02_D02_lane1,lane1
D18-218074-lane2,c02_D02_lane2,lane2
D18-218075-lane1,a04_D03_lane1,lane1
D18-218075-lane2,a04_D03_lane2,lane2
D18-218076-lane1,b06_D03_lane1,lane1
D18-218076-lane2,b06_D03_lane2,lane2
D18-218077-lane1,c08_D03_lane1,lane1
D18-218077-lane2,c08_D03_lane2,lane2
D18-218078-lane1,a10_D04_lane1,lane1
D18-218078-lane2,a10_D04_lane2,lane2
D18-218079-lane1,c02_D04_lane1,lane1
D18-218079-lane2,c02_D04_lane2,lane2
D18-218080-lane1,a04_D05_lane1,lane1
D18-218080-lane2,a04_D05_lane2,lane2
D18-218081-lane1,b01_D02_lane1,lane1
D18-218081-lane2,b01_D02_lane2,lane2
D18-218082-lane1,c03_D02_lane1,lane1
D18-218082-lane2,c03_D02_lane2,lane2
D18-218083-lane1,a05_D03_lane1,lane1
D18-218083-lane2,a05_D03_lane2,lane2
D18-218084-lane1,b07_D03_lane1,lane1
D18-218084-lane2,b07_D03_lane2,lane2
D18-218085-lane1,c09_D03_lane1,lane1
D18-218085-lane2,c09_D03_lane2,lane2
D18-218086-lane1,b01_D04_lane1,lane1
D18-218086-lane2,b01_D04_lane2,lane2
D18-218087-lane1,c03_D04_lane1,lane1
D18-218087-lane2,c03_D04_lane2,lane2
D18-218088-lane1,a05_D05_lane1,lane1
D18-218088-lane2,a05_D05_lane2,lane2
D18-218089-lane1,b02_D02_lane1,lane1
D18-218089-lane2,b02_D02_lane2,lane2
D18-218090-lane1,c04_D02_lane1,lane1
D18-218090-lane2,c04_D02_lane2,lane2
D18-218091-lane1,a06_D03_lane1,lane1
D18-218091-lane2,a06_D03_lane2,lane2
D18-218092-lane1,b08_D03_lane1,lane1
D18-218092-lane2,b08_D03_lane2,lane2
D18-218093-lane1,c10_D03_lane1,lane1
D18-218093-lane2,c10_D03_lane2,lane2
D18-218094-lane1,b02_D04_lane1,lane1
D18-218094-lane2,b02_D04_lane2,lane2
D18-218095-lane1,c04_D04_lane1,lane1
D18-218095-lane2,c04_D04_lane2,lane2
D18-218096-lane1,a06_D05_lane1,lane1
D18-218096-lane2,a06_D05_lane2,lane2
D18-218097-lane3,a07_D05_lane3,lane3
D18-218097-lane4,a07_D05_lane4,lane4
D18-218097-lane5,a07_D05_lane5,lane5
D18-218097-lane6,a07_D05_lane6,lane6
D18-218098-lane3,b09_D05_lane3,lane3
D18-218098-lane4,b09_D05_lane4,lane4
D18-218098-lane5,b09_D05_lane5,lane5
D18-218098-lane6,b09_D05_lane6,lane6
D18-218099-lane3,a01_D06_lane3,lane3
D18-218099-lane4,a01_D06_lane4,lane4
D18-218099-lane5,a01_D06_lane5,lane5
D18-218099-lane6,a01_D06_lane6,lane6
D18-218100-lane3,b03_D06_lane3,lane3
D18-218100-lane4,b03_D06_lane4,lane4
D18-218100-lane5,b03_D06_lane5,lane5
D18-218100-lane6,b03_D06_lane6,lane6
D18-218101-lane3,c05_D06_lane3,lane3
D18-218101-lane4,c05_D06_lane4,lane4
D18-218101-lane5,c05_D06_lane5,lane5
D18-218101-lane6,c05_D06_lane6,lane6
D18-218102-lane3,a07_D07_lane3,lane3
D18-218102-lane4,a07_D07_lane4,lane4
D18-218102-lane5,a07_D07_lane5,lane5
D18-218102-lane6,a07_D07_lane6,lane6
D18-218103-lane3,b09_D07_lane3,lane3
D18-218103-lane4,b09_D07_lane4,lane4
D18-218103-lane5,b09_D07_lane5,lane5
D18-218103-lane6,b09_D07_lane6,lane6
D18-218104-lane3,a01_D08_lane3,lane3
D18-218104-lane4,a01_D08_lane4,lane4
D18-218104-lane5,a01_D08_lane5,lane5
D18-218104-lane6,a01_D08_lane6,lane6
D18-218105-lane3,a08_D05_lane3,lane3
D18-218105-lane4,a08_D05_lane4,lane4
D18-218105-lane5,a08_D05_lane5,lane5
D18-218105-lane6,a08_D05_lane6,lane6
D18-218106-lane3,b10_D05_lane3,lane3
D18-218106-lane4,b10_D05_lane4,lane4
D18-218106-lane5,b10_D05_lane5,lane5
D18-218106-lane6,b10_D05_lane6,lane6
D18-218107-lane3,a02_D06_lane3,lane3
D18-218107-lane4,a02_D06_lane4,lane4
D18-218107-lane5,a02_D06_lane5,lane5
D18-218107-lane6,a02_D06_lane6,lane6
D18-218108-lane3,b04_D06_lane3,lane3
D18-218108-lane4,b04_D06_lane4,lane4
D18-218108-lane5,b04_D06_lane5,lane5
D18-218108-lane6,b04_D06_lane6,lane6
D18-218109-lane3,c06_D06_lane3,lane3
D18-218109-lane4,c06_D06_lane4,lane4
D18-218109-lane5,c06_D06_lane5,lane5
D18-218109-lane6,c06_D06_lane6,lane6
D18-218110-lane3,a08_D07_lane3,lane3
D18-218110-lane4,a08_D07_lane4,lane4
D18-218110-lane5,a08_D07_lane5,lane5
D18-218110-lane6,a08_D07_lane6,lane6
D18-218111-lane3,b10_D07_lane3,lane3
D18-218111-lane4,b10_D07_lane4,lane4
D18-218111-lane5,b10_D07_lane5,lane5
D18-218111-lane6,b10_D07_lane6,lane6
D18-218112-lane3,a02_D08_lane3,lane3
D18-218112-lane4,a02_D08_lane4,lane4
D18-218112-lane5,a02_D08_lane5,lane5
D18-218112-lane6,a02_D08_lane6,lane6
D18-218113-lane3,a09_D05_lane3,lane3
D18-218113-lane4,a09_D05_lane4,lane4
D18-218113-lane5,a09_D05_lane5,lane5
D18-218113-lane6,a09_D05_lane6,lane6
D18-218114-lane3,c01_D05_lane3,lane3
D18-218114-lane4,c01_D05_lane4,lane4
D18-218114-lane5,c01_D05_lane5,lane5
D18-218114-lane6,c01_D05_lane6,lane6
D18-218115-lane3,a03_D06_lane3,lane3
D18-218115-lane4,a03_D06_lane4,lane4
D18-218115-lane5,a03_D06_lane5,lane5
D18-218115-lane6,a03_D06_lane6,lane6
D18-218116-lane3,b05_D06_lane3,lane3
D18-218116-lane4,b05_D06_lane4,lane4
D18-218116-lane5,b05_D06_lane5,lane5
D18-218116-lane6,b05_D06_lane6,lane6
D18-218117-lane3,c07_D06_lane3,lane3
D18-218117-lane4,c07_D06_lane4,lane4
D18-218117-lane5,c07_D06_lane5,lane5
D18-218117-lane6,c07_D06_lane6,lane6
D18-218118-lane3,a09_D07_lane3,lane3
D18-218118-lane4,a09_D07_lane4,lane4
D18-218118-lane5,a09_D07_lane5,lane5
D18-218118-lane6,a09_D07_lane6,lane6
D18-218119-lane3,c01_D07_lane3,lane3
D18-218119-lane4,c01_D07_lane4,lane4
D18-218119-lane5,c01_D07_lane5,lane5
D18-218119-lane6,c01_D07_lane6,lane6
D18-218120-lane3,a03_D08_lane3,lane3
D18-218120-lane4,a03_D08_lane4,lane4
D18-218120-lane5,a03_D08_lane5,lane5
D18-218120-lane6,a03_D08_lane6,lane6
D18-218121-lane3,a10_D05_lane3,lane3
D18-218121-lane4,a10_D05_lane4,lane4
D18-218121-lane5,a10_D05_lane5,lane5
D18-218121-lane6,a10_D05_lane6,lane6
D18-218122-lane3,c02_D05_lane3,lane3
D18-218122-lane4,c02_D05_lane4,lane4
D18-218122-lane5,c02_D05_lane5,lane5
D18-218122-lane6,c02_D05_lane6,lane6
D18-218123-lane3,a04_D06_lane3,lane3
D18-218123-lane4,a04_D06_lane4,lane4
D18-218123-lane5,a04_D06_lane5,lane5
D18-218123-lane6,a04_D06_lane6,lane6
D18-218124-lane3,b06_D06_lane3,lane3
D18-218124-lane4,b06_D06_lane4,lane4
D18-218124-lane5,b06_D06_lane5,lane5
D18-218124-lane6,b06_D06_lane6,lane6
D18-218125-lane3,c08_D06_lane3,lane3
D18-218125-lane4,c08_D06_lane4,lane4
D18-218125-lane5,c08_D06_lane5,lane5
D18-218125-lane6,c08_D06_lane6,lane6
D18-218126-lane3,a10_D07_lane3,lane3
D18-218126-lane4,a10_D07_lane4,lane4
D18-218126-lane5,a10_D07_lane5,lane5
D18-218126-lane6,a10_D07_lane6,lane6
D18-218127-lane3,c02_D07_lane3,lane3
D18-218127-lane4,c02_D07_lane4,lane4
D18-218127-lane5,c02_D07_lane5,lane5
D18-218127-lane6,c02_D07_lane6,lane6
D18-218128-lane3,a04_D08_lane3,lane3
D18-218128-lane4,a04_D08_lane4,lane4
D18-218128-lane5,a04_D08_lane5,lane5
D18-218128-lane6,a04_D08_lane6,lane6
D18-218129-lane3,b01_D05_lane3,lane3
D18-218129-lane4,b01_D05_lane4,lane4
D18-218129-lane5,b01_D05_lane5,lane5
D18-218129-lane6,b01_D05_lane6,lane6
D18-218130-lane3,c03_D05_lane3,lane3
D18-218130-lane4,c03_D05_lane4,lane4
D18-218130-lane5,c03_D05_lane5,lane5
D18-218130-lane6,c03_D05_lane6,lane6
D18-218131-lane3,a05_D06_lane3,lane3
D18-218131-lane4,a05_D06_lane4,lane4
D18-218131-lane5,a05_D06_lane5,lane5
D18-218131-lane6,a05_D06_lane6,lane6
D18-218132-lane3,b07_D06_lane3,lane3
D18-218132-lane4,b07_D06_lane4,lane4
D18-218132-lane5,b07_D06_lane5,lane5
D18-218132-lane6,b07_D06_lane6,lane6
D18-218133-lane3,c09_D06_lane3,lane3
D18-218133-lane4,c09_D06_lane4,lane4
D18-218133-lane5,c09_D06_lane5,lane5
D18-218133-lane6,c09_D06_lane6,lane6
D18-218134-lane3,b01_D07_lane3,lane3
D18-218134-lane4,b01_D07_lane4,lane4
D18-218134-lane5,b01_D07_lane5,lane5
D18-218134-lane6,b01_D07_lane6,lane6
D18-218135-lane3,c03_D07_lane3,lane3
D18-218135-lane4,c03_D07_lane4,lane4
D18-218135-lane5,c03_D07_lane5,lane5
D18-218135-lane6,c03_D07_lane6,lane6
D18-218136-lane3,a05_D08_lane3,lane3
D18-218136-lane4,a05_D08_lane4,lane4
D18-218136-lane5,a05_D08_lane5,lane5
D18-218136-lane6,a05_D08_lane6,lane6
D18-218137-lane3,b02_D05_lane3,lane3
D18-218137-lane4,b02_D05_lane4,lane4
D18-218137-lane5,b02_D05_lane5,lane5
D18-218137-lane6,b02_D05_lane6,lane6
D18-218138-lane3,c04_D05_lane3,lane3
D18-218138-lane4,c04_D05_lane4,lane4
D18-218138-lane5,c04_D05_lane5,lane5
D18-218138-lane6,c04_D05_lane6,lane6
D18-218139-lane3,a06_D06_lane3,lane3
D18-218139-lane4,a06_D06_lane4,lane4
D18-218139-lane5,a06_D06_lane5,lane5
D18-218139-lane6,a06_D06_lane6,lane6
D18-218140-lane3,b08_D06_lane3,lane3
D18-218140-lane4,b08_D06_lane4,lane4
D18-218140-lane5,b08_D06_lane5,lane5
D18-218140-lane6,b08_D06_lane6,lane6
D18-218141-lane3,c10_D06_lane3,lane3
D18-218141-lane4,c10_D06_lane4,lane4
D18-218141-lane5,c10_D06_lane5,lane5
D18-218141-lane6,c10_D06_lane6,lane6
D18-218142-lane3,b02_D07_lane3,lane3
D18-218142-lane4,b02_D07_lane4,lane4
D18-218142-lane5,b02_D07_lane5,lane5
D18-218142-lane6,b02_D07_lane6,lane6
D18-218143-lane3,c04_D07_lane3,lane3
D18-218143-lane4,c04_D07_lane4,lane4
D18-218143-lane5,c04_D07_lane5,lane5
D18-218143-lane6,c04_D07_lane6,lane6
D18-218144-lane3,a06_D08_lane3,lane3
D18-218144-lane4,a06_D08_lane4,lane4
D18-218144-lane5,a06_D08_lane5,lane5
D18-218144-lane6,a06_D08_lane6,lane6
D18-218145-lane3,b03_D05_lane3,lane3
D18-218145-lane4,b03_D05_lane4,lane4
D18-218145-lane5,b03_D05_lane5,lane5
D18-218145-lane6,b03_D05_lane6,lane6
D18-218146-lane3,c05_D05_lane3,lane3
D18-218146-lane4,c05_D05_lane4,lane4
D18-218146-lane5,c05_D05_lane5,lane5
D18-218146-lane6,c05_D05_lane6,lane6
D18-218147-lane3,a07_D06_lane3,lane3
D18-218147-lane4,a07_D06_lane4,lane4
D18-218147-lane5,a07_D06_lane5,lane5
D18-218147-lane6,a07_D06_lane6,lane6
D18-218148-lane3,b09_D06_lane3,lane3
D18-218148-lane4,b09_D06_lane4,lane4
D18-218148-lane5,b09_D06_lane5,lane5
D18-218148-lane6,b09_D06_lane6,lane6
D18-218149-lane3,a01_D07_lane3,lane3
D18-218149-lane4,a01_D07_lane4,lane4
D18-218149-lane5,a01_D07_lane5,lane5
D18-218149-lane6,a01_D07_lane6,lane6
D18-218150-lane3,b03_D07_lane3,lane3
D18-218150-lane4,b03_D07_lane4,lane4
D18-218150-lane5,b03_D07_lane5,lane5
D18-218150-lane6,b03_D07_lane6,lane6
D18-218151-lane3,c05_D07_lane3,lane3
D18-218151-lane4,c05_D07_lane4,lane4
D18-218151-lane5,c05_D07_lane5,lane5
D18-218151-lane6,c05_D07_lane6,lane6
D18-218152-lane3,a07_D08_lane3,lane3
D18-218152-lane4,a07_D08_lane4,lane4
D18-218152-lane5,a07_D08_lane5,lane5
D18-218152-lane6,a07_D08_lane6,lane6
D18-218153-lane3,b04_D05_lane3,lane3
D18-218153-lane4,b04_D05_lane4,lane4
D18-218153-lane5,b04_D05_lane5,lane5
D18-218153-lane6,b04_D05_lane6,lane6
D18-218154-lane3,c06_D05_lane3,lane3
D18-218154-lane4,c06_D05_lane4,lane4
D18-218154-lane5,c06_D05_lane5,lane5
D18-218154-lane6,c06_D05_lane6,lane6
D18-218155-lane3,a08_D06_lane3,lane3
D18-218155-lane4,a08_D06_lane4,lane4
D18-218155-lane5,a08_D06_lane5,lane5
D18-218155-lane6,a08_D06_lane6,lane6
D18-218156-lane3,b10_D06_lane3,lane3
D18-218156-lane4,b10_D06_lane4,lane4
D18-218156-lane5,b10_D06_lane5,lane5
D18-218156-lane6,b10_D06_lane6,lane6
D18-218157-lane3,a02_D07_lane3,lane3
D18-218157-lane4,a02_D07_lane4,lane4
D18-218157-lane5,a02_D07_lane5,lane5
D18-218157-lane6,a02_D07_lane6,lane6
D18-218158-lane3,b04_D07_lane3,lane3
D18-218158-lane4,b04_D07_lane4,lane4
D18-218158-lane5,b04_D07_lane5,lane5
D18-218158-lane6,b04_D07_lane6,lane6
D18-218159-lane3,c06_D07_lane3,lane3
D18-218159-lane4,c06_D07_lane4,lane4
D18-218159-lane5,c06_D07_lane5,lane5
D18-218159-lane6,c06_D07_lane6,lane6
D18-218160-lane3,a08_D08_lane3,lane3
D18-218160-lane4,a08_D08_lane4,lane4
D18-218160-lane5,a08_D08_lane5,lane5
D18-218160-lane6,a08_D08_lane6,lane6
D18-218161-lane3,b05_D05_lane3,lane3
D18-218161-lane4,b05_D05_lane4,lane4
D18-218161-lane5,b05_D05_lane5,lane5
D18-218161-lane6,b05_D05_lane6,lane6
D18-218162-lane3,c07_D05_lane3,lane3
D18-218162-lane4,c07_D05_lane4,lane4
D18-218162-lane5,c07_D05_lane5,lane5
D18-218162-lane6,c07_D05_lane6,lane6
D18-218163-lane3,a09_D06_lane3,lane3
D18-218163-lane4,a09_D06_lane4,lane4
D18-218163-lane5,a09_D06_lane5,lane5
D18-218163-lane6,a09_D06_lane6,lane6
D18-218164-lane3,c01_D06_lane3,lane3
D18-218164-lane4,c01_D06_lane4,lane4
D18-218164-lane5,c01_D06_lane5,lane5
D18-218164-lane6,c01_D06_lane6,lane6
D18-218165-lane3,a03_D07_lane3,lane3
D18-218165-lane4,a03_D07_lane4,lane4
D18-218165-lane5,a03_D07_lane5,lane5
D18-218165-lane6,a03_D07_lane6,lane6
D18-218166-lane3,b05_D07_lane3,lane3
D18-218166-lane4,b05_D07_lane4,lane4
D18-218166-lane5,b05_D07_lane5,lane5
D18-218166-lane6,b05_D07_lane6,lane6
D18-218167-lane3,c07_D07_lane3,lane3
D18-218167-lane4,c07_D07_lane4,lane4
D18-218167-lane5,c07_D07_lane5,lane5
D18-218167-lane6,c07_D07_lane6,lane6
D18-218168-lane3,a09_D08_lane3,lane3
D18-218168-lane4,a09_D08_lane4,lane4
D18-218168-lane5,a09_D08_lane5,lane5
D18-218168-lane6,a09_D08_lane6,lane6
D18-218169-lane3,b06_D05_lane3,lane3
D18-218169-lane4,b06_D05_lane4,lane4
D18-218169-lane5,b06_D05_lane5,lane5
D18-218169-lane6,b06_D05_lane6,lane6
D18-218170-lane3,c08_D05_lane3,lane3
D18-218170-lane4,c08_D05_lane4,lane4
D18-218170-lane5,c08_D05_lane5,lane5
D18-218170-lane6,c08_D05_lane6,lane6
D18-218171-lane3,a10_D06_lane3,lane3
D18-218171-lane4,a10_D06_lane4,lane4
D18-218171-lane5,a10_D06_lane5,lane5
D18-218171-lane6,a10_D06_lane6,lane6
D18-218172-lane3,c02_D06_lane3,lane3
D18-218172-lane4,c02_D06_lane4,lane4
D18-218172-lane5,c02_D06_lane5,lane5
D18-218172-lane6,c02_D06_lane6,lane6
D18-218173-lane3,a04_D07_lane3,lane3
D18-218173-lane4,a04_D07_lane4,lane4
D18-218173-lane5,a04_D07_lane5,lane5
D18-218173-lane6,a04_D07_lane6,lane6
D18-218174-lane3,b06_D07_lane3,lane3
D18-218174-lane4,b06_D07_lane4,lane4
D18-218174-lane5,b06_D07_lane5,lane5
D18-218174-lane6,b06_D07_lane6,lane6
D18-218175-lane3,c08_D07_lane3,lane3
D18-218175-lane4,c08_D07_lane4,lane4
D18-218175-lane5,c08_D07_lane5,lane5
D18-218175-lane6,c08_D07_lane6,lane6
D18-218176-lane3,a10_D08_lane3,lane3
D18-218176-lane4,a10_D08_lane4,lane4
D18-218176-lane5,a10_D08_lane5,lane5
D18-218176-lane6,a10_D08_lane6,lane6
D18-218177-lane3,b07_D05_lane3,lane3
D18-218177-lane4,b07_D05_lane4,lane4
D18-218177-lane5,b07_D05_lane5,lane5
D18-218177-lane6,b07_D05_lane6,lane6
D18-218178-lane3,c09_D05_lane3,lane3
D18-218178-lane4,c09_D05_lane4,lane4
D18-218178-lane5,c09_D05_lane5,lane5
D18-218178-lane6,c09_D05_lane6,lane6
D18-218179-lane3,b01_D06_lane3,lane3
D18-218179-lane4,b01_D06_lane4,lane4
D18-218179-lane5,b01_D06_lane5,lane5
D18-218179-lane6,b01_D06_lane6,lane6
D18-218180-lane3,c03_D06_lane3,lane3
D18-218180-lane4,c03_D06_lane4,lane4
D18-218180-lane5,c03_D06_lane5,lane5
D18-218180-lane6,c03_D06_lane6,lane6
D18-218181-lane3,a05_D07_lane3,lane3
D18-218181-lane4,a05_D07_lane4,lane4
D18-218181-lane5,a05_D07_lane5,lane5
D18-218181-lane6,a05_D07_lane6,lane6
D18-218182-lane3,b07_D07_lane3,lane3
D18-218182-lane4,b07_D07_lane4,lane4
D18-218182-lane5,b07_D07_lane5,lane5
D18-218182-lane6,b07_D07_lane6,lane6
D18-218183-lane3,c09_D07_lane3,lane3
D18-218183-lane4,c09_D07_lane4,lane4
D18-218183-lane5,c09_D07_lane5,lane5
D18-218183-lane6,c09_D07_lane6,lane6
D18-218184-lane3,b01_D08_lane3,lane3
D18-218184-lane4,b01_D08_lane4,lane4
D18-218184-lane5,b01_D08_lane5,lane5
D18-218184-lane6,b01_D08_lane6,lane6
D18-218185-lane3,b08_D05_lane3,lane3
D18-218185-lane4,b08_D05_lane4,lane4
D18-218185-lane5,b08_D05_lane5,lane5
D18-218185-lane6,b08_D05_lane6,lane6
D18-218186-lane3,c10_D05_lane3,lane3
D18-218186-lane4,c10_D05_lane4,lane4
D18-218186-lane5,c10_D05_lane5,lane5
D18-218186-lane6,c10_D05_lane6,lane6
D18-218187-lane3,b02_D06_lane3,lane3
D18-218187-lane4,b02_D06_lane4,lane4
D18-218187-lane5,b02_D06_lane5,lane5
D18-218187-lane6,b02_D06_lane6,lane6
D18-218188-lane3,c04_D06_lane3,lane3
D18-218188-lane4,c04_D06_lane4,lane4
D18-218188-lane5,c04_D06_lane5,lane5
D18-218188-lane6,c04_D06_lane6,lane6
D18-218189-lane3,a06_D07_lane3,lane3
D18-218189-lane4,a06_D07_lane4,lane4
D18-218189-lane5,a06_D07_lane5,lane5
D18-218189-lane6,a06_D07_lane6,lane6
D18-218190-lane3,b08_D07_lane3,lane3
D18-218190-lane4,b08_D07_lane4,lane4
D18-218190-lane5,b08_D07_lane5,lane5
D18-218190-lane6,b08_D07_lane6,lane6
D18-218191-lane3,c10_D07_lane3,lane3
D18-218191-lane4,c10_D07_lane4,lane4
D18-218191-lane5,c10_D07_lane5,lane5
D18-218191-lane6,c10_D07_lane6,lane6
D18-218192-lane3,b02_D08_lane3,lane3
D18-218192-lane4,b02_D08_lane4,lane4
D18-218192-lane5,b02_D08_lane5,lane5
D18-218192-lane6,b02_D08_lane6,lane6
D18-218193-lane3,b03_D08_lane3,lane3
D18-218193-lane4,b03_D08_lane4,lane4
D18-218193-lane5,b03_D08_lane5,lane5
D18-218193-lane6,b03_D08_lane6,lane6
D18-218194-lane3,c05_D08_lane3,lane3
D18-218194-lane4,c05_D08_lane4,lane4
D18-218194-lane5,c05_D08_lane5,lane5
D18-218194-lane6,c05_D08_lane6,lane6
D18-218195-lane3,a07_D09_lane3,lane3
D18-218195-lane4,a07_D09_lane4,lane4
D18-218195-lane5,a07_D09_lane5,lane5
D18-218195-lane6,a07_D09_lane6,lane6
D18-218196-lane3,b09_D09_lane3,lane3
D18-218196-lane4,b09_D09_lane4,lane4
D18-218196-lane5,b09_D09_lane5,lane5
D18-218196-lane6,b09_D09_lane6,lane6
D18-218197-lane3,a01_D10_lane3,lane3
D18-218197-lane4,a01_D10_lane4,lane4
D18-218197-lane5,a01_D10_lane5,lane5
D18-218197-lane6,a01_D10_lane6,lane6
D18-218198-lane3,b03_D10_lane3,lane3
D18-218198-lane4,b03_D10_lane4,lane4
D18-218198-lane5,b03_D10_lane5,lane5
D18-218198-lane6,b03_D10_lane6,lane6
D18-218199-lane3,c05_D10_lane3,lane3
D18-218199-lane4,c05_D10_lane4,lane4
D18-218199-lane5,c05_D10_lane5,lane5
D18-218199-lane6,c05_D10_lane6,lane6
D18-218200-lane3,a07_D11_lane3,lane3
D18-218200-lane4,a07_D11_lane4,lane4
D18-218200-lane5,a07_D11_lane5,lane5
D18-218200-lane6,a07_D11_lane6,lane6
D18-218201-lane3,b04_D08_lane3,lane3
D18-218201-lane4,b04_D08_lane4,lane4
D18-218201-lane5,b04_D08_lane5,lane5
D18-218201-lane6,b04_D08_lane6,lane6
D18-218202-lane3,c06_D08_lane3,lane3
D18-218202-lane4,c06_D08_lane4,lane4
D18-218202-lane5,c06_D08_lane5,lane5
D18-218202-lane6,c06_D08_lane6,lane6
D18-218203-lane3,a08_D09_lane3,lane3
D18-218203-lane4,a08_D09_lane4,lane4
D18-218203-lane5,a08_D09_lane5,lane5
D18-218203-lane6,a08_D09_lane6,lane6
D18-218204-lane3,b10_D09_lane3,lane3
D18-218204-lane4,b10_D09_lane4,lane4
D18-218204-lane5,b10_D09_lane5,lane5
D18-218204-lane6,b10_D09_lane6,lane6
D18-218205-lane3,a02_D10_lane3,lane3
D18-218205-lane4,a02_D10_lane4,lane4
D18-218205-lane5,a02_D10_lane5,lane5
D18-218205-lane6,a02_D10_lane6,lane6
D18-218206-lane3,b04_D10_lane3,lane3
D18-218206-lane4,b04_D10_lane4,lane4
D18-218206-lane5,b04_D10_lane5,lane5
D18-218206-lane6,b04_D10_lane6,lane6
D18-218207-lane3,c06_D10_lane3,lane3
D18-218207-lane4,c06_D10_lane4,lane4
D18-218207-lane5,c06_D10_lane5,lane5
D18-218207-lane6,c06_D10_lane6,lane6
D18-218208-lane3,a08_D11_lane3,lane3
D18-218208-lane4,a08_D11_lane4,lane4
D18-218208-lane5,a08_D11_lane5,lane5
D18-218208-lane6,a08_D11_lane6,lane6
D18-218209-lane3,b05_D08_lane3,lane3
D18-218209-lane4,b05_D08_lane4,lane4
D18-218209-lane5,b05_D08_lane5,lane5
D18-218209-lane6,b05_D08_lane6,lane6
D18-218210-lane3,c07_D08_lane3,lane3
D18-218210-lane4,c07_D08_lane4,lane4
D18-218210-lane5,c07_D08_lane5,lane5
D18-218210-lane6,c07_D08_lane6,lane6
D18-218211-lane3,a09_D09_lane3,lane3
D18-218211-lane4,a09_D09_lane4,lane4
D18-218211-lane5,a09_D09_lane5,lane5
D18-218211-lane6,a09_D09_lane6,lane6
D18-218212-lane3,c01_D09_lane3,lane3
D18-218212-lane4,c01_D09_lane4,lane4
D18-218212-lane5,c01_D09_lane5,lane5
D18-218212-lane6,c01_D09_lane6,lane6
D18-218213-lane3,a03_D10_lane3,lane3
D18-218213-lane4,a03_D10_lane4,lane4
D18-218213-lane5,a03_D10_lane5,lane5
D18-218213-lane6,a03_D10_lane6,lane6
D18-218214-lane3,b05_D10_lane3,lane3
D18-218214-lane4,b05_D10_lane4,lane4
D18-218214-lane5,b05_D10_lane5,lane5
D18-218214-lane6,b05_D10_lane6,lane6
D18-218215-lane3,c07_D10_lane3,lane3
D18-218215-lane4,c07_D10_lane4,lane4
D18-218215-lane5,c07_D10_lane5,lane5
D18-218215-lane6,c07_D10_lane6,lane6
D18-218216-lane3,a09_D11_lane3,lane3
D18-218216-lane4,a09_D11_lane4,lane4
D18-218216-lane5,a09_D11_lane5,lane5
D18-218216-lane6,a09_D11_lane6,lane6
D18-218217-lane3,b06_D08_lane3,lane3
D18-218217-lane4,b06_D08_lane4,lane4
D18-218217-lane5,b06_D08_lane5,lane5
D18-218217-lane6,b06_D08_lane6,lane6
D18-218218-lane3,c08_D08_lane3,lane3
D18-218218-lane4,c08_D08_lane4,lane4
D18-218218-lane5,c08_D08_lane5,lane5
D18-218218-lane6,c08_D08_lane6,lane6
D18-218219-lane3,a10_D09_lane3,lane3
D18-218219-lane4,a10_D09_lane4,lane4
D18-218219-lane5,a10_D09_lane5,lane5
D18-218219-lane6,a10_D09_lane6,lane6
D18-218220-lane3,c02_D09_lane3,lane3
D18-218220-lane4,c02_D09_lane4,lane4
D18-218220-lane5,c02_D09_lane5,lane5
D18-218220-lane6,c02_D09_lane6,lane6
D18-218221-lane3,a04_D10_lane3,lane3
D18-218221-lane4,a04_D10_lane4,lane4
D18-218221-lane5,a04_D10_lane5,lane5
D18-218221-lane6,a04_D10_lane6,lane6
D18-218222-lane3,b06_D10_lane3,lane3
D18-218222-lane4,b06_D10_lane4,lane4
D18-218222-lane5,b06_D10_lane5,lane5
D18-218222-lane6,b06_D10_lane6,lane6
D18-218223-lane3,c08_D10_lane3,lane3
D18-218223-lane4,c08_D10_lane4,lane4
D18-218223-lane5,c08_D10_lane5,lane5
D18-218223-lane6,c08_D10_lane6,lane6
D18-218224-lane3,a10_D11_lane3,lane3
D18-218224-lane4,a10_D11_lane4,lane4
D18-218224-lane5,a10_D11_lane5,lane5
D18-218224-lane6,a10_D11_lane6,lane6
D18-218225-lane3,b07_D08_lane3,lane3
D18-218225-lane4,b07_D08_lane4,lane4
D18-218225-lane5,b07_D08_lane5,lane5
D18-218225-lane6,b07_D08_lane6,lane6
D18-218226-lane3,c09_D08_lane3,lane3
D18-218226-lane4,c09_D08_lane4,lane4
D18-218226-lane5,c09_D08_lane5,lane5
D18-218226-lane6,c09_D08_lane6,lane6
D18-218227-lane3,b01_D09_lane3,lane3
D18-218227-lane4,b01_D09_lane4,lane4
D18-218227-lane5,b01_D09_lane5,lane5
D18-218227-lane6,b01_D09_lane6,lane6
D18-218228-lane3,c03_D09_lane3,lane3
D18-218228-lane4,c03_D09_lane4,lane4
D18-218228-lane5,c03_D09_lane5,lane5
D18-218228-lane6,c03_D09_lane6,lane6
D18-218229-lane3,a05_D10_lane3,lane3
D18-218229-lane4,a05_D10_lane4,lane4
D18-218229-lane5,a05_D10_lane5,lane5
D18-218229-lane6,a05_D10_lane6,lane6
D18-218230-lane3,b07_D10_lane3,lane3
D18-218230-lane4,b07_D10_lane4,lane4
D18-218230-lane5,b07_D10_lane5,lane5
D18-218230-lane6,b07_D10_lane6,lane6
D18-218231-lane3,c09_D10_lane3,lane3
D18-218231-lane4,c09_D10_lane4,lane4
D18-218231-lane5,c09_D10_lane5,lane5
D18-218231-lane6,c09_D10_lane6,lane6
D18-218232-lane3,b01_D11_lane3,lane3
D18-218232-lane4,b01_D11_lane4,lane4
D18-218232-lane5,b01_D11_lane5,lane5
D18-218232-lane6,b01_D11_lane6,lane6
D18-218233-lane3,b08_D08_lane3,lane3
D18-218233-lane4,b08_D08_lane4,lane4
D18-218233-lane5,b08_D08_lane5,lane5
D18-218233-lane6,b08_D08_lane6,lane6
D18-218234-lane3,c10_D08_lane3,lane3
D18-218234-lane4,c10_D08_lane4,lane4
D18-218234-lane5,c10_D08_lane5,lane5
D18-218234-lane6,c10_D08_lane6,lane6
D18-218235-lane3,b02_D09_lane3,lane3
D18-218235-lane4,b02_D09_lane4,lane4
D18-218235-lane5,b02_D09_lane5,lane5
D18-218235-lane6,b02_D09_lane6,lane6
D18-218236-lane3,c04_D09_lane3,lane3
D18-218236-lane4,c04_D09_lane4,lane4
D18-218236-lane5,c04_D09_lane5,lane5
D18-218236-lane6,c04_D09_lane6,lane6
D18-218237-lane3,a06_D10_lane3,lane3
D18-218237-lane4,a06_D10_lane4,lane4
D18-218237-lane5,a06_D10_lane5,lane5
D18-218237-lane6,a06_D10_lane6,lane6
D18-218238-lane3,b08_D10_lane3,lane3
D18-218238-lane4,b08_D10_lane4,lane4
D18-218238-lane5,b08_D10_lane5,lane5
D18-218238-lane6,b08_D10_lane6,lane6
D18-218239-lane3,c10_D10_lane3,lane3
D18-218239-lane4,c10_D10_lane4,lane4
D18-218239-lane5,c10_D10_lane5,lane5
D18-218239-lane6,c10_D10_lane6,lane6
D18-218240-lane3,b02_D11_lane3,lane3
D18-218240-lane4,b02_D11_lane4,lane4
D18-218240-lane5,b02_D11_lane5,lane5
D18-218240-lane6,b02_D11_lane6,lane6
D18-218241-lane3,b09_D08_lane3,lane3
D18-218241-lane4,b09_D08_lane4,lane4
D18-218241-lane5,b09_D08_lane5,lane5
D18-218241-lane6,b09_D08_lane6,lane6
D18-218242-lane3,a01_D09_lane3,lane3
D18-218242-lane4,a01_D09_lane4,lane4
D18-218242-lane5,a01_D09_lane5,lane5
D18-218242-lane6,a01_D09_lane6,lane6
D18-218243-lane3,b03_D09_lane3,lane3
D18-218243-lane4,b03_D09_lane4,lane4
D18-218243-lane5,b03_D09_lane5,lane5
D18-218243-lane6,b03_D09_lane6,lane6
D18-218244-lane3,c05_D09_lane3,lane3
D18-218244-lane4,c05_D09_lane4,lane4
D18-218244-lane5,c05_D09_lane5,lane5
D18-218244-lane6,c05_D09_lane6,lane6
D18-218245-lane3,a07_D10_lane3,lane3
D18-218245-lane4,a07_D10_lane4,lane4
D18-218245-lane5,a07_D10_lane5,lane5
D18-218245-lane6,a07_D10_lane6,lane6
D18-218246-lane3,b09_D10_lane3,lane3
D18-218246-lane4,b09_D10_lane4,lane4
D18-218246-lane5,b09_D10_lane5,lane5
D18-218246-lane6,b09_D10_lane6,lane6
D18-218247-lane3,a01_D11_lane3,lane3
D18-218247-lane4,a01_D11_lane4,lane4
D18-218247-lane5,a01_D11_lane5,lane5
D18-218247-lane6,a01_D11_lane6,lane6
D18-218248-lane3,b03_D11_lane3,lane3
D18-218248-lane4,b03_D11_lane4,lane4
D18-218248-lane5,b03_D11_lane5,lane5
D18-218248-lane6,b03_D11_lane6,lane6
D18-218249-lane3,b10_D08_lane3,lane3
D18-218249-lane4,b10_D08_lane4,lane4
D18-218249-lane5,b10_D08_lane5,lane5
D18-218249-lane6,b10_D08_lane6,lane6
D18-218250-lane3,a02_D09_lane3,lane3
D18-218250-lane4,a02_D09_lane4,lane4
D18-218250-lane5,a02_D09_lane5,lane5
D18-218250-lane6,a02_D09_lane6,lane6
D18-218251-lane3,b04_D09_lane3,lane3
D18-218251-lane4,b04_D09_lane4,lane4
D18-218251-lane5,b04_D09_lane5,lane5
D18-218251-lane6,b04_D09_lane6,lane6
D18-218252-lane3,c06_D09_lane3,lane3
D18-218252-lane4,c06_D09_lane4,lane4
D18-218252-lane5,c06_D09_lane5,lane5
D18-218252-lane6,c06_D09_lane6,lane6
D18-218253-lane3,a08_D10_lane3,lane3
D18-218253-lane4,a08_D10_lane4,lane4
D18-218253-lane5,a08_D10_lane5,lane5
D18-218253-lane6,a08_D10_lane6,lane6
D18-218254-lane3,b10_D10_lane3,lane3
D18-218254-lane4,b10_D10_lane4,lane4
D18-218254-lane5,b10_D10_lane5,lane5
D18-218254-lane6,b10_D10_lane6,lane6
D18-218255-lane3,a02_D11_lane3,lane3
D18-218255-lane4,a02_D11_lane4,lane4
D18-218255-lane5,a02_D11_lane5,lane5
D18-218255-lane6,a02_D11_lane6,lane6
D18-218256-lane3,b04_D11_lane3,lane3
D18-218256-lane4,b04_D11_lane4,lane4
D18-218256-lane5,b04_D11_lane5,lane5
D18-218256-lane6,b04_D11_lane6,lane6
D18-218257-lane3,c01_D08_lane3,lane3
D18-218257-lane4,c01_D08_lane4,lane4
D18-218257-lane5,c01_D08_lane5,lane5
D18-218257-lane6,c01_D08_lane6,lane6
D18-218258-lane3,a03_D09_lane3,lane3
D18-218258-lane4,a03_D09_lane4,lane4
D18-218258-lane5,a03_D09_lane5,lane5
D18-218258-lane6,a03_D09_lane6,lane6
D18-218259-lane3,b05_D09_lane3,lane3
D18-218259-lane4,b05_D09_lane4,lane4
D18-218259-lane5,b05_D09_lane5,lane5
D18-218259-lane6,b05_D09_lane6,lane6
D18-218260-lane3,c07_D09_lane3,lane3
D18-218260-lane4,c07_D09_lane4,lane4
D18-218260-lane5,c07_D09_lane5,lane5
D18-218260-lane6,c07_D09_lane6,lane6
D18-218261-lane3,a09_D10_lane3,lane3
D18-218261-lane4,a09_D10_lane4,lane4
D18-218261-lane5,a09_D10_lane5,lane5
D18-218261-lane6,a09_D10_lane6,lane6
D18-218262-lane3,c01_D10_lane3,lane3
D18-218262-lane4,c01_D10_lane4,lane4
D18-218262-lane5,c01_D10_lane5,lane5
D18-218262-lane6,c01_D10_lane6,lane6
D18-218263-lane3,a03_D11_lane3,lane3
D18-218263-lane4,a03_D11_lane4,lane4
D18-218263-lane5,a03_D11_lane5,lane5
D18-218263-lane6,a03_D11_lane6,lane6
D18-218264-lane3,b05_D11_lane3,lane3
D18-218264-lane4,b05_D11_lane4,lane4
D18-218264-lane5,b05_D11_lane5,lane5
D18-218264-lane6,b05_D11_lane6,lane6
D18-218265-lane3,c02_D08_lane3,lane3
D18-218265-lane4,c02_D08_lane4,lane4
D18-218265-lane5,c02_D08_lane5,lane5
D18-218265-lane6,c02_D08_lane6,lane6
D18-218266-lane3,a04_D09_lane3,lane3
D18-218266-lane4,a04_D09_lane4,lane4
D18-218266-lane5,a04_D09_lane5,lane5
D18-218266-lane6,a04_D09_lane6,lane6
D18-218267-lane3,b06_D09_lane3,lane3
D18-218267-lane4,b06_D09_lane4,lane4
D18-218267-lane5,b06_D09_lane5,lane5
D18-218267-lane6,b06_D09_lane6,lane6
D18-218268-lane3,c08_D09_lane3,lane3
D18-218268-lane4,c08_D09_lane4,lane4
D18-218268-lane5,c08_D09_lane5,lane5
D18-218268-lane6,c08_D09_lane6,lane6
D18-218269-lane3,a10_D10_lane3,lane3
D18-218269-lane4,a10_D10_lane4,lane4
D18-218269-lane5,a10_D10_lane5,lane5
D18-218269-lane6,a10_D10_lane6,lane6
D18-218270-lane3,c02_D10_lane3,lane3
D18-218270-lane4,c02_D10_lane4,lane4
D18-218270-lane5,c02_D10_lane5,lane5
D18-218270-lane6,c02_D10_lane6,lane6
D18-218271-lane3,a04_D11_lane3,lane3
D18-218271-lane4,a04_D11_lane4,lane4
D18-218271-lane5,a04_D11_lane5,lane5
D18-218271-lane6,a04_D11_lane6,lane6
D18-218272-lane3,b06_D11_lane3,lane3
D18-218272-lane4,b06_D11_lane4,lane4
D18-218272-lane5,b06_D11_lane5,lane5
D18-218272-lane6,b06_D11_lane6,lane6
D18-218273-lane3,c03_D08_lane3,lane3
D18-218273-lane4,c03_D08_lane4,lane4
D18-218273-lane5,c03_D08_lane5,lane5
D18-218273-lane6,c03_D08_lane6,lane6
D18-218274-lane3,a05_D09_lane3,lane3
D18-218274-lane4,a05_D09_lane4,lane4
D18-218274-lane5,a05_D09_lane5,lane5
D18-218274-lane6,a05_D09_lane6,lane6
D18-218275-lane3,b07_D09_lane3,lane3
D18-218275-lane4,b07_D09_lane4,lane4
D18-218275-lane5,b07_D09_lane5,lane5
D18-218275-lane6,b07_D09_lane6,lane6
D18-218276-lane3,c09_D09_lane3,lane3
D18-218276-lane4,c09_D09_lane4,lane4
D18-218276-lane5,c09_D09_lane5,lane5
D18-218276-lane6,c09_D09_lane6,lane6
D18-218277-lane3,b01_D10_lane3,lane3
D18-218277-lane4,b01_D10_lane4,lane4
D18-218277-lane5,b01_D10_lane5,lane5
D18-218277-lane6,b01_D10_lane6,lane6
D18-218278-lane3,c03_D10_lane3,lane3
D18-218278-lane4,c03_D10_lane4,lane4
D18-218278-lane5,c03_D10_lane5,lane5
D18-218278-lane6,c03_D10_lane6,lane6
D18-218279-lane3,a05_D11_lane3,lane3
D18-218279-lane4,a05_D11_lane4,lane4
D18-218279-lane5,a05_D11_lane5,lane5
D18-218279-lane6,a05_D11_lane6,lane6
D18-218280-lane3,b07_D11_lane3,lane3
D18-218280-lane4,b07_D11_lane4,lane4
D18-218280-lane5,b07_D11_lane5,lane5
D18-218280-lane6,b07_D11_lane6,lane6
D18-218281-lane3,c04_D08_lane3,lane3
D18-218281-lane4,c04_D08_lane4,lane4
D18-218281-lane5,c04_D08_lane5,lane5
D18-218281-lane6,c04_D08_lane6,lane6
D18-218282-lane3,a06_D09_lane3,lane3
D18-218282-lane4,a06_D09_lane4,lane4
D18-218282-lane5,a06_D09_lane5,lane5
D18-218282-lane6,a06_D09_lane6,lane6
D18-218283-lane3,b08_D09_lane3,lane3
D18-218283-lane4,b08_D09_lane4,lane4
D18-218283-lane5,b08_D09_lane5,lane5
D18-218283-lane6,b08_D09_lane6,lane6
D18-218284-lane3,c10_D09_lane3,lane3
D18-218284-lane4,c10_D09_lane4,lane4
D18-218284-lane5,c10_D09_lane5,lane5
D18-218284-lane6,c10_D09_lane6,lane6
D18-218285-lane3,b02_D10_lane3,lane3
D18-218285-lane4,b02_D10_lane4,lane4
D18-218285-lane5,b02_D10_lane5,lane5
D18-218285-lane6,b02_D10_lane6,lane6
D18-218286-lane3,c04_D10_lane3,lane3
D18-218286-lane4,c04_D10_lane4,lane4
D18-218286-lane5,c04_D10_lane5,lane5
D18-218286-lane6,c04_D10_lane6,lane6
D18-218287-lane3,a06_D11_lane3,lane3
D18-218287-lane4,a06_D11_lane4,lane4
D18-218287-lane5,a06_D11_lane5,lane5
D18-218287-lane6,a06_D11_lane6,lane6
D18-218288-lane3,b08_D11_lane3,lane3
D18-218288-lane4,b08_D11_lane4,lane4
D18-218288-lane5,b08_D11_lane5,lane5
D18-218288-lane6,b08_D11_lane6,lane6
D18-218289-lane3,b09_D11_lane3,lane3
D18-218289-lane4,b09_D11_lane4,lane4
D18-218289-lane5,b09_D11_lane5,lane5
D18-218289-lane6,b09_D11_lane6,lane6
D18-218290-lane3,a01_D12_lane3,lane3
D18-218290-lane4,a01_D12_lane4,lane4
D18-218290-lane5,a01_D12_lane5,lane5
D18-218290-lane6,a01_D12_lane6,lane6
D18-218291-lane3,b03_D12_lane3,lane3
D18-218291-lane4,b03_D12_lane4,lane4
D18-218291-lane5,b03_D12_lane5,lane5
D18-218291-lane6,b03_D12_lane6,lane6
D18-218292-lane3,c05_D12_lane3,lane3
D18-218292-lane4,c05_D12_lane4,lane4
D18-218292-lane5,c05_D12_lane5,lane5
D18-218292-lane6,c05_D12_lane6,lane6
D18-218293-lane3,a07_D13_lane3,lane3
D18-218293-lane4,a07_D13_lane4,lane4
D18-218293-lane5,a07_D13_lane5,lane5
D18-218293-lane6,a07_D13_lane6,lane6
D18-218294-lane3,b09_D13_lane3,lane3
D18-218294-lane4,b09_D13_lane4,lane4
D18-218294-lane5,b09_D13_lane5,lane5
D18-218294-lane6,b09_D13_lane6,lane6
D18-218295-lane3,a01_D14_lane3,lane3
D18-218295-lane4,a01_D14_lane4,lane4
D18-218295-lane5,a01_D14_lane5,lane5
D18-218295-lane6,a01_D14_lane6,lane6
D18-218296-lane3,b09_D14_lane3,lane3
D18-218296-lane4,b09_D14_lane4,lane4
D18-218296-lane5,b09_D14_lane5,lane5
D18-218296-lane6,b09_D14_lane6,lane6
D18-218297-lane3,b10_D11_lane3,lane3
D18-218297-lane4,b10_D11_lane4,lane4
D18-218297-lane5,b10_D11_lane5,lane5
D18-218297-lane6,b10_D11_lane6,lane6
D18-218298-lane3,a02_D12_lane3,lane3
D18-218298-lane4,a02_D12_lane4,lane4
D18-218298-lane5,a02_D12_lane5,lane5
D18-218298-lane6,a02_D12_lane6,lane6
D18-218299-lane3,b04_D12_lane3,lane3
D18-218299-lane4,b04_D12_lane4,lane4
D18-218299-lane5,b04_D12_lane5,lane5
D18-218299-lane6,b04_D12_lane6,lane6
D18-218300-lane3,c06_D12_lane3,lane3
D18-218300-lane4,c06_D12_lane4,lane4
D18-218300-lane5,c06_D12_lane5,lane5
D18-218300-lane6,c06_D12_lane6,lane6
D18-218301-lane3,a08_D13_lane3,lane3
D18-218301-lane4,a08_D13_lane4,lane4
D18-218301-lane5,a08_D13_lane5,lane5
D18-218301-lane6,a08_D13_lane6,lane6
D18-218302-lane3,b10_D13_lane3,lane3
D18-218302-lane4,b10_D13_lane4,lane4
D18-218302-lane5,b10_D13_lane5,lane5
D18-218302-lane6,b10_D13_lane6,lane6
D18-218303-lane3,a02_D14_lane3,lane3
D18-218303-lane4,a02_D14_lane4,lane4
D18-218303-lane5,a02_D14_lane5,lane5
D18-218303-lane6,a02_D14_lane6,lane6
D18-218304-lane3,b10_D14_lane3,lane3
D18-218304-lane4,b10_D14_lane4,lane4
D18-218304-lane5,b10_D14_lane5,lane5
D18-218304-lane6,b10_D14_lane6,lane6
D18-218305-lane3,c01_D11_lane3,lane3
D18-218305-lane4,c01_D11_lane4,lane4
D18-218305-lane5,c01_D11_lane5,lane5
D18-218305-lane6,c01_D11_lane6,lane6
D18-218306-lane3,a03_D12_lane3,lane3
D18-218306-lane4,a03_D12_lane4,lane4
D18-218306-lane5,a03_D12_lane5,lane5
D18-218306-lane6,a03_D12_lane6,lane6
D18-218307-lane3,b05_D12_lane3,lane3
D18-218307-lane4,b05_D12_lane4,lane4
D18-218307-lane5,b05_D12_lane5,lane5
D18-218307-lane6,b05_D12_lane6,lane6
D18-218308-lane3,c07_D12_lane3,lane3
D18-218308-lane4,c07_D12_lane4,lane4
D18-218308-lane5,c07_D12_lane5,lane5
D18-218308-lane6,c07_D12_lane6,lane6
D18-218309-lane3,a09_D13_lane3,lane3
D18-218309-lane4,a09_D13_lane4,lane4
D18-218309-lane5,a09_D13_lane5,lane5
D18-218309-lane6,a09_D13_lane6,lane6
D18-218310-lane3,c01_D13_lane3,lane3
D18-218310-lane4,c01_D13_lane4,lane4
D18-218310-lane5,c01_D13_lane5,lane5
D18-218310-lane6,c01_D13_lane6,lane6
D18-218311-lane3,a03_D14_lane3,lane3
D18-218311-lane4,a03_D14_lane4,lane4
D18-218311-lane5,a03_D14_lane5,lane5
D18-218311-lane6,a03_D14_lane6,lane6
D18-218312-lane3,c01_D14_lane3,lane3
D18-218312-lane4,c01_D14_lane4,lane4
D18-218312-lane5,c01_D14_lane5,lane5
D18-218312-lane6,c01_D14_lane6,lane6
D18-218313-lane3,c02_D11_lane3,lane3
D18-218313-lane4,c02_D11_lane4,lane4
D18-218313-lane5,c02_D11_lane5,lane5
D18-218313-lane6,c02_D11_lane6,lane6
D18-218314-lane3,a04_D12_lane3,lane3
D18-218314-lane4,a04_D12_lane4,lane4
D18-218314-lane5,a04_D12_lane5,lane5
D18-218314-lane6,a04_D12_lane6,lane6
D18-218315-lane3,b06_D12_lane3,lane3
D18-218315-lane4,b06_D12_lane4,lane4
D18-218315-lane5,b06_D12_lane5,lane5
D18-218315-lane6,b06_D12_lane6,lane6
D18-218316-lane3,c08_D12_lane3,lane3
D18-218316-lane4,c08_D12_lane4,lane4
D18-218316-lane5,c08_D12_lane5,lane5
D18-218316-lane6,c08_D12_lane6,lane6
D18-218317-lane3,a10_D13_lane3,lane3
D18-218317-lane4,a10_D13_lane4,lane4
D18-218317-lane5,a10_D13_lane5,lane5
D18-218317-lane6,a10_D13_lane6,lane6
D18-218318-lane3,c02_D13_lane3,lane3
D18-218318-lane4,c02_D13_lane4,lane4
D18-218318-lane5,c02_D13_lane5,lane5
D18-218318-lane6,c02_D13_lane6,lane6
D18-218319-lane3,a04_D14_lane3,lane3
D18-218319-lane4,a04_D14_lane4,lane4
D18-218319-lane5,a04_D14_lane5,lane5
D18-218319-lane6,a04_D14_lane6,lane6
D18-218320-lane3,c02_D14_lane3,lane3
D18-218320-lane4,c02_D14_lane4,lane4
D18-218320-lane5,c02_D14_lane5,lane5
D18-218320-lane6,c02_D14_lane6,lane6
D18-218321-lane3,c03_D11_lane3,lane3
D18-218321-lane4,c03_D11_lane4,lane4
D18-218321-lane5,c03_D11_lane5,lane5
D18-218321-lane6,c03_D11_lane6,lane6
D18-218322-lane3,a05_D12_lane3,lane3
D18-218322-lane4,a05_D12_lane4,lane4
D18-218322-lane5,a05_D12_lane5,lane5
D18-218322-lane6,a05_D12_lane6,lane6
D18-218323-lane3,b07_D12_lane3,lane3
D18-218323-lane4,b07_D12_lane4,lane4
D18-218323-lane5,b07_D12_lane5,lane5
D18-218323-lane6,b07_D12_lane6,lane6
D18-218324-lane3,c09_D12_lane3,lane3
D18-218324-lane4,c09_D12_lane4,lane4
D18-218324-lane5,c09_D12_lane5,lane5
D18-218324-lane6,c09_D12_lane6,lane6
D18-218325-lane3,b01_D13_lane3,lane3
D18-218325-lane4,b01_D13_lane4,lane4
D18-218325-lane5,b01_D13_lane5,lane5
D18-218325-lane6,b01_D13_lane6,lane6
D18-218326-lane3,c03_D13_lane3,lane3
D18-218326-lane4,c03_D13_lane4,lane4
D18-218326-lane5,c03_D13_lane5,lane5
D18-218326-lane6,c03_D13_lane6,lane6
D18-218327-lane3,b01_D14_lane3,lane3
D18-218327-lane4,b01_D14_lane4,lane4
D18-218327-lane5,b01_D14_lane5,lane5
D18-218327-lane6,b01_D14_lane6,lane6
D18-218328-lane3,c03_D14_lane3,lane3
D18-218328-lane4,c03_D14_lane4,lane4
D18-218328-lane5,c03_D14_lane5,lane5
D18-218328-lane6,c03_D14_lane6,lane6
D18-218329-lane3,c04_D11_lane3,lane3
D18-218329-lane4,c04_D11_lane4,lane4
D18-218329-lane5,c04_D11_lane5,lane5
D18-218329-lane6,c04_D11_lane6,lane6
D18-218330-lane3,a06_D12_lane3,lane3
D18-218330-lane4,a06_D12_lane4,lane4
D18-218330-lane5,a06_D12_lane5,lane5
D18-218330-lane6,a06_D12_lane6,lane6
D18-218331-lane3,b08_D12_lane3,lane3
D18-218331-lane4,b08_D12_lane4,lane4
D18-218331-lane5,b08_D12_lane5,lane5
D18-218331-lane6,b08_D12_lane6,lane6
D18-218332-lane3,c10_D12_lane3,lane3
D18-218332-lane4,c10_D12_lane4,lane4
D18-218332-lane5,c10_D12_lane5,lane5
D18-218332-lane6,c10_D12_lane6,lane6
D18-218333-lane3,b02_D13_lane3,lane3
D18-218333-lane4,b02_D13_lane4,lane4
D18-218333-lane5,b02_D13_lane5,lane5
D18-218333-lane6,b02_D13_lane6,lane6
D18-218334-lane3,c04_D13_lane3,lane3
D18-218334-lane4,c04_D13_lane4,lane4
D18-218334-lane5,c04_D13_lane5,lane5
D18-218334-lane6,c04_D13_lane6,lane6
D18-218335-lane3,b02_D14_lane3,lane3
D18-218335-lane4,b02_D14_lane4,lane4
D18-218335-lane5,b02_D14_lane5,lane5
D18-218335-lane6,b02_D14_lane6,lane6
D18-218336-lane3,c04_D14_lane3,lane3
D18-218336-lane4,c04_D14_lane4,lane4
D18-218336-lane5,c04_D14_lane5,lane5
D18-218336-lane6,c04_D14_lane6,lane6
D18-218337-lane3,c05_D11_lane3,lane3
D18-218337-lane4,c05_D11_lane4,lane4
D18-218337-lane5,c05_D11_lane5,lane5
D18-218337-lane6,c05_D11_lane6,lane6
D18-218338-lane3,a07_D12_lane3,lane3
D18-218338-lane4,a07_D12_lane4,lane4
D18-218338-lane5,a07_D12_lane5,lane5
D18-218338-lane6,a07_D12_lane6,lane6
D18-218339-lane3,b09_D12_lane3,lane3
D18-218339-lane4,b09_D12_lane4,lane4
D18-218339-lane5,b09_D12_lane5,lane5
D18-218339-lane6,b09_D12_lane6,lane6
D18-218340-lane3,a01_D13_lane3,lane3
D18-218340-lane4,a01_D13_lane4,lane4
D18-218340-lane5,a01_D13_lane5,lane5
D18-218340-lane6,a01_D13_lane6,lane6
D18-218341-lane3,b03_D13_lane3,lane3
D18-218341-lane4,b03_D13_lane4,lane4
D18-218341-lane5,b03_D13_lane5,lane5
D18-218341-lane6,b03_D13_lane6,lane6
D18-218342-lane3,c05_D13_lane3,lane3
D18-218342-lane4,c05_D13_lane4,lane4
D18-218342-lane5,c05_D13_lane5,lane5
D18-218342-lane6,c05_D13_lane6,lane6
D18-218343-lane3,b03_D14_lane3,lane3
D18-218343-lane4,b03_D14_lane4,lane4
D18-218343-lane5,b03_D14_lane5,lane5
D18-218343-lane6,b03_D14_lane6,lane6
D18-218344-lane3,c05_D14_lane3,lane3
D18-218344-lane4,c05_D14_lane4,lane4
D18-218344-lane5,c05_D14_lane5,lane5
D18-218344-lane6,c05_D14_lane6,lane6
D18-218345-lane3,c06_D11_lane3,lane3
D18-218345-lane4,c06_D11_lane4,lane4
D18-218345-lane5,c06_D11_lane5,lane5
D18-218345-lane6,c06_D11_lane6,lane6
D18-218346-lane3,a08_D12_lane3,lane3
D18-218346-lane4,a08_D12_lane4,lane4
D18-218346-lane5,a08_D12_lane5,lane5
D18-218346-lane6,a08_D12_lane6,lane6
D18-218347-lane3,b10_D12_lane3,lane3
D18-218347-lane4,b10_D12_lane4,lane4
D18-218347-lane5,b10_D12_lane5,lane5
D18-218347-lane6,b10_D12_lane6,lane6
D18-218348-lane3,a02_D13_lane3,lane3
D18-218348-lane4,a02_D13_lane4,lane4
D18-218348-lane5,a02_D13_lane5,lane5
D18-218348-lane6,a02_D13_lane6,lane6
D18-218349-lane3,b04_D13_lane3,lane3
D18-218349-lane4,b04_D13_lane4,lane4
D18-218349-lane5,b04_D13_lane5,lane5
D18-218349-lane6,b04_D13_lane6,lane6
D18-218350-lane3,c06_D13_lane3,lane3
D18-218350-lane4,c06_D13_lane4,lane4
D18-218350-lane5,c06_D13_lane5,lane5
D18-218350-lane6,c06_D13_lane6,lane6
D18-218351-lane3,b04_D14_lane3,lane3
D18-218351-lane4,b04_D14_lane4,lane4
D18-218351-lane5,b04_D14_lane5,lane5
D18-218351-lane6,b04_D14_lane6,lane6
D18-218352-lane3,c06_D14_lane3,lane3
D18-218352-lane4,c06_D14_lane4,lane4
D18-218352-lane5,c06_D14_lane5,lane5
D18-218352-lane6,c06_D14_lane6,lane6
D18-218353-lane3,c07_D11_lane3,lane3
D18-218353-lane4,c07_D11_lane4,lane4
D18-218353-lane5,c07_D11_lane5,lane5
D18-218353-lane6,c07_D11_lane6,lane6
D18-218354-lane3,a09_D12_lane3,lane3
D18-218354-lane4,a09_D12_lane4,lane4
D18-218354-lane5,a09_D12_lane5,lane5
D18-218354-lane6,a09_D12_lane6,lane6
D18-218355-lane3,c01_D12_lane3,lane3
D18-218355-lane4,c01_D12_lane4,lane4
D18-218355-lane5,c01_D12_lane5,lane5
D18-218355-lane6,c01_D12_lane6,lane6
D18-218356-lane3,a03_D13_lane3,lane3
D18-218356-lane4,a03_D13_lane4,lane4
D18-218356-lane5,a03_D13_lane5,lane5
D18-218356-lane6,a03_D13_lane6,lane6
D18-218357-lane3,b05_D13_lane3,lane3
D18-218357-lane4,b05_D13_lane4,lane4
D18-218357-lane5,b05_D13_lane5,lane5
D18-218357-lane6,b05_D13_lane6,lane6
D18-218358-lane3,c07_D13_lane3,lane3
D18-218358-lane4,c07_D13_lane4,lane4
D18-218358-lane5,c07_D13_lane5,lane5
D18-218358-lane6,c07_D13_lane6,lane6
D18-218359-lane3,b05_D14_lane3,lane3
D18-218359-lane4,b05_D14_lane4,lane4
D18-218359-lane5,b05_D14_lane5,lane5
D18-218359-lane6,b05_D14_lane6,lane6
D18-218360-lane3,c07_D14_lane3,lane3
D18-218360-lane4,c07_D14_lane4,lane4
D18-218360-lane5,c07_D14_lane5,lane5
D18-218360-lane6,c07_D14_lane6,lane6
D18-218361-lane3,c08_D11_lane3,lane3
D18-218361-lane4,c08_D11_lane4,lane4
D18-218361-lane5,c08_D11_lane5,lane5
D18-218361-lane6,c08_D11_lane6,lane6
D18-218362-lane3,a10_D12_lane3,lane3
D18-218362-lane4,a10_D12_lane4,lane4
D18-218362-lane5,a10_D12_lane5,lane5
D18-218362-lane6,a10_D12_lane6,lane6
D18-218363-lane3,c02_D12_lane3,lane3
D18-218363-lane4,c02_D12_lane4,lane4
D18-218363-lane5,c02_D12_lane5,lane5
D18-218363-lane6,c02_D12_lane6,lane6
D18-218364-lane3,a04_D13_lane3,lane3
D18-218364-lane4,a04_D13_lane4,lane4
D18-218364-lane5,a04_D13_lane5,lane5
D18-218364-lane6,a04_D13_lane6,lane6
D18-218365-lane3,b06_D13_lane3,lane3
D18-218365-lane4,b06_D13_lane4,lane4
D18-218365-lane5,b06_D13_lane5,lane5
D18-218365-lane6,b06_D13_lane6,lane6
D18-218366-lane3,c08_D13_lane3,lane3
D18-218366-lane4,c08_D13_lane4,lane4
D18-218366-lane5,c08_D13_lane5,lane5
D18-218366-lane6,c08_D13_lane6,lane6
D18-218367-lane3,b06_D14_lane3,lane3
D18-218367-lane4,b06_D14_lane4,lane4
D18-218367-lane5,b06_D14_lane5,lane5
D18-218367-lane6,b06_D14_lane6,lane6
D18-218368-lane3,c08_D14_lane3,lane3
D18-218368-lane4,c08_D14_lane4,lane4
D18-218368-lane5,c08_D14_lane5,lane5
D18-218368-lane6,c08_D14_lane6,lane6
D18-218369-lane3,c09_D11_lane3,lane3
D18-218369-lane4,c09_D11_lane4,lane4
D18-218369-lane5,c09_D11_lane5,lane5
D18-218369-lane6,c09_D11_lane6,lane6
D18-218370-lane3,b01_D12_lane3,lane3
D18-218370-lane4,b01_D12_lane4,lane4
D18-218370-lane5,b01_D12_lane5,lane5
D18-218370-lane6,b01_D12_lane6,lane6
D18-218371-lane3,c03_D12_lane3,lane3
D18-218371-lane4,c03_D12_lane4,lane4
D18-218371-lane5,c03_D12_lane5,lane5
D18-218371-lane6,c03_D12_lane6,lane6
D18-218372-lane3,a05_D13_lane3,lane3
D18-218372-lane4,a05_D13_lane4,lane4
D18-218372-lane5,a05_D13_lane5,lane5
D18-218372-lane6,a05_D13_lane6,lane6
D18-218373-lane3,b07_D13_lane3,lane3
D18-218373-lane4,b07_D13_lane4,lane4
D18-218373-lane5,b07_D13_lane5,lane5
D18-218373-lane6,b07_D13_lane6,lane6
D18-218374-lane3,c09_D13_lane3,lane3
D18-218374-lane4,c09_D13_lane4,lane4
D18-218374-lane5,c09_D13_lane5,lane5
D18-218374-lane6,c09_D13_lane6,lane6
D18-218375-lane3,b07_D14_lane3,lane3
D18-218375-lane4,b07_D14_lane4,lane4
D18-218375-lane5,b07_D14_lane5,lane5
D18-218375-lane6,b07_D14_lane6,lane6
D18-218376-lane3,c09_D14_lane3,lane3
D18-218376-lane4,c09_D14_lane4,lane4
D18-218376-lane5,c09_D14_lane5,lane5
D18-218376-lane6,c09_D14_lane6,lane6
D18-218377-lane3,c10_D11_lane3,lane3
D18-218377-lane4,c10_D11_lane4,lane4
D18-218377-lane5,c10_D11_lane5,lane5
D18-218377-lane6,c10_D11_lane6,lane6
D18-218378-lane3,b02_D12_lane3,lane3
D18-218378-lane4,b02_D12_lane4,lane4
D18-218378-lane5,b02_D12_lane5,lane5
D18-218378-lane6,b02_D12_lane6,lane6
D18-218379-lane3,c04_D12_lane3,lane3
D18-218379-lane4,c04_D12_lane4,lane4
D18-218379-lane5,c04_D12_lane5,lane5
D18-218379-lane6,c04_D12_lane6,lane6
D18-218380-lane3,a06_D13_lane3,lane3
D18-218380-lane4,a06_D13_lane4,lane4
D18-218380-lane5,a06_D13_lane5,lane5
D18-218380-lane6,a06_D13_lane6,lane6
D18-218381-lane3,b08_D13_lane3,lane3
D18-218381-lane4,b08_D13_lane4,lane4
D18-218381-lane5,b08_D13_lane5,lane5
D18-218381-lane6,b08_D13_lane6,lane6
D18-218382-lane3,c10_D13_lane3,lane3
D18-218382-lane4,c10_D13_lane4,lane4
D18-218382-lane5,c10_D13_lane5,lane5
D18-218382-lane6,c10_D13_lane6,lane6
D18-218383-lane3,b08_D14_lane3,lane3
D18-218383-lane4,b08_D14_lane4,lane4
D18-218383-lane5,b08_D14_lane5,lane5
D18-218383-lane6,b08_D14_lane6,lane6
D18-218384-lane3,c10_D14_lane3,lane3
D18-218384-lane4,c10_D14_lane4,lane4
D18-218384-lane5,c10_D14_lane5,lane5
D18-218384-lane6,c10_D14_lane6,lane6
D18-218385-lane3,d01_D01_lane3,lane3
D18-218385-lane4,d01_D01_lane4,lane4
D18-218385-lane5,d01_D01_lane5,lane5
D18-218385-lane6,d01_D01_lane6,lane6
D18-218386-lane3,d03_D02_lane3,lane3
D18-218386-lane4,d03_D02_lane4,lane4
D18-218386-lane5,d03_D02_lane5,lane5
D18-218386-lane6,d03_D02_lane6,lane6
D18-218387-lane3,d05_D03_lane3,lane3
D18-218387-lane4,d05_D03_lane4,lane4
D18-218387-lane5,d05_D03_lane5,lane5
D18-218387-lane6,d05_D03_lane6,lane6
D18-218388-lane3,d07_D04_lane3,lane3
D18-218388-lane4,d07_D04_lane4,lane4
D18-218388-lane5,d07_D04_lane5,lane5
D18-218388-lane6,d07_D04_lane6,lane6
D18-218389-lane3,d09_D05_lane3,lane3
D18-218389-lane4,d09_D05_lane4,lane4
D18-218389-lane5,d09_D05_lane5,lane5
D18-218389-lane6,d09_D05_lane6,lane6
D18-218390-lane3,d01_D07_lane3,lane3
D18-218390-lane4,d01_D07_lane4,lane4
D18-218390-lane5,d01_D07_lane5,lane5
D18-218390-lane6,d01_D07_lane6,lane6
D18-218391-lane3,d03_D08_lane3,lane3
D18-218391-lane4,d03_D08_lane4,lane4
D18-218391-lane5,d03_D08_lane5,lane5
D18-218391-lane6,d03_D08_lane6,lane6
D18-218392-lane3,d05_D09_lane3,lane3
D18-218392-lane4,d05_D09_lane4,lane4
D18-218392-lane5,d05_D09_lane5,lane5
D18-218392-lane6,d05_D09_lane6,lane6
D18-218393-lane3,d02_D01_lane3,lane3
D18-218393-lane4,d02_D01_lane4,lane4
D18-218393-lane5,d02_D01_lane5,lane5
D18-218393-lane6,d02_D01_lane6,lane6
D18-218394-lane3,d04_D02_lane3,lane3
D18-218394-lane4,d04_D02_lane4,lane4
D18-218394-lane5,d04_D02_lane5,lane5
D18-218394-lane6,d04_D02_lane6,lane6
D18-218395-lane3,d06_D03_lane3,lane3
D18-218395-lane4,d06_D03_lane4,lane4
D18-218395-lane5,d06_D03_lane5,lane5
D18-218395-lane6,d06_D03_lane6,lane6
D18-218396-lane3,d08_D04_lane3,lane3
D18-218396-lane4,d08_D04_lane4,lane4
D18-218396-lane5,d08_D04_lane5,lane5
D18-218396-lane6,d08_D04_lane6,lane6
D18-218397-lane3,d10_D05_lane3,lane3
D18-218397-lane4,d10_D05_lane4,lane4
D18-218397-lane5,d10_D05_lane5,lane5
D18-218397-lane6,d10_D05_lane6,lane6
D18-218398-lane3,d02_D07_lane3,lane3
D18-218398-lane4,d02_D07_lane4,lane4
D18-218398-lane5,d02_D07_lane5,lane5
D18-218398-lane6,d02_D07_lane6,lane6
D18-218399-lane3,d04_D08_lane3,lane3
D18-218399-lane4,d04_D08_lane4,lane4
D18-218399-lane5,d04_D08_lane5,lane5
D18-218399-lane6,d04_D08_lane6,lane6
D18-218400-lane3,d06_D09_lane3,lane3
D18-218400-lane4,d06_D09_lane4,lane4
D18-218400-lane5,d06_D09_lane5,lane5
D18-218400-lane6,d06_D09_lane6,lane6
D18-218401-lane3,d03_D01_lane3,lane3
D18-218401-lane4,d03_D01_lane4,lane4
D18-218401-lane5,d03_D01_lane5,lane5
D18-218401-lane6,d03_D01_lane6,lane6
D18-218402-lane3,d05_D02_lane3,lane3
D18-218402-lane4,d05_D02_lane4,lane4
D18-218402-lane5,d05_D02_lane5,lane5
D18-218402-lane6,d05_D02_lane6,lane6
D18-218403-lane3,d07_D03_lane3,lane3
D18-218403-lane4,d07_D03_lane4,lane4
D18-218403-lane5,d07_D03_lane5,lane5
D18-218403-lane6,d07_D03_lane6,lane6
D18-218404-lane3,d09_D04_lane3,lane3
D18-218404-lane4,d09_D04_lane4,lane4
D18-218404-lane5,d09_D04_lane5,lane5
D18-218404-lane6,d09_D04_lane6,lane6
D18-218405-lane3,d01_D06_lane3,lane3
D18-218405-lane4,d01_D06_lane4,lane4
D18-218405-lane5,d01_D06_lane5,lane5
D18-218405-lane6,d01_D06_lane6,lane6
D18-218406-lane3,d03_D07_lane3,lane3
D18-218406-lane4,d03_D07_lane4,lane4
D18-218406-lane5,d03_D07_lane5,lane5
D18-218406-lane6,d03_D07_lane6,lane6
D18-218407-lane3,d05_D08_lane3,lane3
D18-218407-lane4,d05_D08_lane4,lane4
D18-218407-lane5,d05_D08_lane5,lane5
D18-218407-lane6,d05_D08_lane6,lane6
D18-218408-lane3,d07_D09_lane3,lane3
D18-218408-lane4,d07_D09_lane4,lane4
D18-218408-lane5,d07_D09_lane5,lane5
D18-218408-lane6,d07_D09_lane6,lane6
D18-218409-lane3,d04_D01_lane3,lane3
D18-218409-lane4,d04_D01_lane4,lane4
D18-218409-lane5,d04_D01_lane5,lane5
D18-218409-lane6,d04_D01_lane6,lane6
D18-218410-lane3,d06_D02_lane3,lane3
D18-218410-lane4,d06_D02_lane4,lane4
D18-218410-lane5,d06_D02_lane5,lane5
D18-218410-lane6,d06_D02_lane6,lane6
D18-218411-lane3,d08_D03_lane3,lane3
D18-218411-lane4,d08_D03_lane4,lane4
D18-218411-lane5,d08_D03_lane5,lane5
D18-218411-lane6,d08_D03_lane6,lane6
D18-218412-lane3,d10_D04_lane3,lane3
D18-218412-lane4,d10_D04_lane4,lane4
D18-218412-lane5,d10_D04_lane5,lane5
D18-218412-lane6,d10_D04_lane6,lane6
D18-218413-lane3,d02_D06_lane3,lane3
D18-218413-lane4,d02_D06_lane4,lane4
D18-218413-lane5,d02_D06_lane5,lane5
D18-218413-lane6,d02_D06_lane6,lane6
D18-218414-lane3,d04_D07_lane3,lane3
D18-218414-lane4,d04_D07_lane4,lane4
D18-218414-lane5,d04_D07_lane5,lane5
D18-218414-lane6,d04_D07_lane6,lane6
D18-218415-lane3,d06_D08_lane3,lane3
D18-218415-lane4,d06_D08_lane4,lane4
D18-218415-lane5,d06_D08_lane5,lane5
D18-218415-lane6,d06_D08_lane6,lane6
D18-218416-lane3,d08_D09_lane3,lane3
D18-218416-lane4,d08_D09_lane4,lane4
D18-218416-lane5,d08_D09_lane5,lane5
D18-218416-lane6,d08_D09_lane6,lane6
D18-218417-lane3,d05_D01_lane3,lane3
D18-218417-lane4,d05_D01_lane4,lane4
D18-218417-lane5,d05_D01_lane5,lane5
D18-218417-lane6,d05_D01_lane6,lane6
D18-218418-lane3,d07_D02_lane3,lane3
D18-218418-lane4,d07_D02_lane4,lane4
D18-218418-lane5,d07_D02_lane5,lane5
D18-218418-lane6,d07_D02_lane6,lane6
D18-218419-lane3,d09_D03_lane3,lane3
D18-218419-lane4,d09_D03_lane4,lane4
D18-218419-lane5,d09_D03_lane5,lane5
D18-218419-lane6,d09_D03_lane6,lane6
D18-218420-lane3,d01_D05_lane3,lane3
D18-218420-lane4,d01_D05_lane4,lane4
D18-218420-lane5,d01_D05_lane5,lane5
D18-218420-lane6,d01_D05_lane6,lane6
D18-218421-lane3,d03_D06_lane3,lane3
D18-218421-lane4,d03_D06_lane4,lane4
D18-218421-lane5,d03_D06_lane5,lane5
D18-218421-lane6,d03_D06_lane6,lane6
D18-218422-lane3,d05_D07_lane3,lane3
D18-218422-lane4,d05_D07_lane4,lane4
D18-218422-lane5,d05_D07_lane5,lane5
D18-218422-lane6,d05_D07_lane6,lane6
D18-218423-lane3,d07_D08_lane3,lane3
D18-218423-lane4,d07_D08_lane4,lane4
D18-218423-lane5,d07_D08_lane5,lane5
D18-218423-lane6,d07_D08_lane6,lane6
D18-218424-lane3,d09_D09_lane3,lane3
D18-218424-lane4,d09_D09_lane4,lane4
D18-218424-lane5,d09_D09_lane5,lane5
D18-218424-lane6,d09_D09_lane6,lane6
D18-218425-lane3,d06_D01_lane3,lane3
D18-218425-lane4,d06_D01_lane4,lane4
D18-218425-lane5,d06_D01_lane5,lane5
D18-218425-lane6,d06_D01_lane6,lane6
D18-218426-lane3,d08_D02_lane3,lane3
D18-218426-lane4,d08_D02_lane4,lane4
D18-218426-lane5,d08_D02_lane5,lane5
D18-218426-lane6,d08_D02_lane6,lane6
D18-218427-lane3,d10_D03_lane3,lane3
D18-218427-lane4,d10_D03_lane4,lane4
D18-218427-lane5,d10_D03_lane5,lane5
D18-218427-lane6,d10_D03_lane6,lane6
D18-218428-lane3,d02_D05_lane3,lane3
D18-218428-lane4,d02_D05_lane4,lane4
D18-218428-lane5,d02_D05_lane5,lane5
D18-218428-lane6,d02_D05_lane6,lane6
D18-218429-lane3,d04_D06_lane3,lane3
D18-218429-lane4,d04_D06_lane4,lane4
D18-218429-lane5,d04_D06_lane5,lane5
D18-218429-lane6,d04_D06_lane6,lane6
D18-218430-lane3,d06_D07_lane3,lane3
D18-218430-lane4,d06_D07_lane4,lane4
D18-218430-lane5,d06_D07_lane5,lane5
D18-218430-lane6,d06_D07_lane6,lane6
D18-218431-lane3,d08_D08_lane3,lane3
D18-218431-lane4,d08_D08_lane4,lane4
D18-218431-lane5,d08_D08_lane5,lane5
D18-218431-lane6,d08_D08_lane6,lane6
D18-218432-lane3,d10_D09_lane3,lane3
D18-218432-lane4,d10_D09_lane4,lane4
D18-218432-lane5,d10_D09_lane5,lane5
D18-218432-lane6,d10_D09_lane6,lane6
D18-218433-lane3,d07_D01_lane3,lane3
D18-218433-lane4,d07_D01_lane4,lane4
D18-218433-lane5,d07_D01_lane5,lane5
D18-218433-lane6,d07_D01_lane6,lane6
D18-218434-lane3,d09_D02_lane3,lane3
D18-218434-lane4,d09_D02_lane4,lane4
D18-218434-lane5,d09_D02_lane5,lane5
D18-218434-lane6,d09_D02_lane6,lane6
D18-218435-lane3,d01_D04_lane3,lane3
D18-218435-lane4,d01_D04_lane4,lane4
D18-218435-lane5,d01_D04_lane5,lane5
D18-218435-lane6,d01_D04_lane6,lane6
D18-218436-lane3,d03_D05_lane3,lane3
D18-218436-lane4,d03_D05_lane4,lane4
D18-218436-lane5,d03_D05_lane5,lane5
D18-218436-lane6,d03_D05_lane6,lane6
D18-218437-lane3,d05_D06_lane3,lane3
D18-218437-lane4,d05_D06_lane4,lane4
D18-218437-lane5,d05_D06_lane5,lane5
D18-218437-lane6,d05_D06_lane6,lane6
D18-218438-lane3,d07_D07_lane3,lane3
D18-218438-lane4,d07_D07_lane4,lane4
D18-218438-lane5,d07_D07_lane5,lane5
D18-218438-lane6,d07_D07_lane6,lane6
D18-218439-lane3,d09_D08_lane3,lane3
D18-218439-lane4,d09_D08_lane4,lane4
D18-218439-lane5,d09_D08_lane5,lane5
D18-218439-lane6,d09_D08_lane6,lane6
D18-218440-lane3,d01_D10_lane3,lane3
D18-218440-lane4,d01_D10_lane4,lane4
D18-218440-lane5,d01_D10_lane5,lane5
D18-218440-lane6,d01_D10_lane6,lane6
D18-218441-lane3,d08_D01_lane3,lane3
D18-218441-lane4,d08_D01_lane4,lane4
D18-218441-lane5,d08_D01_lane5,lane5
D18-218441-lane6,d08_D01_lane6,lane6
D18-218442-lane3,d10_D02_lane3,lane3
D18-218442-lane4,d10_D02_lane4,lane4
D18-218442-lane5,d10_D02_lane5,lane5
D18-218442-lane6,d10_D02_lane6,lane6
D18-218443-lane3,d02_D04_lane3,lane3
D18-218443-lane4,d02_D04_lane4,lane4
D18-218443-lane5,d02_D04_lane5,lane5
D18-218443-lane6,d02_D04_lane6,lane6
D18-218444-lane3,d04_D05_lane3,lane3
D18-218444-lane4,d04_D05_lane4,lane4
D18-218444-lane5,d04_D05_lane5,lane5
D18-218444-lane6,d04_D05_lane6,lane6
D18-218445-lane3,d06_D06_lane3,lane3
D18-218445-lane4,d06_D06_lane4,lane4
D18-218445-lane5,d06_D06_lane5,lane5
D18-218445-lane6,d06_D06_lane6,lane6
D18-218446-lane3,d08_D07_lane3,lane3
D18-218446-lane4,d08_D07_lane4,lane4
D18-218446-lane5,d08_D07_lane5,lane5
D18-218446-lane6,d08_D07_lane6,lane6
D18-218447-lane3,d10_D08_lane3,lane3
D18-218447-lane4,d10_D08_lane4,lane4
D18-218447-lane5,d10_D08_lane5,lane5
D18-218447-lane6,d10_D08_lane6,lane6
D18-218448-lane3,d02_D10_lane3,lane3
D18-218448-lane4,d02_D10_lane4,lane4
D18-218448-lane5,d02_D10_lane5,lane5
D18-218448-lane6,d02_D10_lane6,lane6
D18-218449-lane3,d09_D01_lane3,lane3
D18-218449-lane4,d09_D01_lane4,lane4
D18-218449-lane5,d09_D01_lane5,lane5
D18-218449-lane6,d09_D01_lane6,lane6
D18-218450-lane3,d01_D03_lane3,lane3
D18-218450-lane4,d01_D03_lane4,lane4
D18-218450-lane5,d01_D03_lane5,lane5
D18-218450-lane6,d01_D03_lane6,lane6
D18-218451-lane3,d03_D04_lane3,lane3
D18-218451-lane4,d03_D04_lane4,lane4
D18-218451-lane5,d03_D04_lane5,lane5
D18-218451-lane6,d03_D04_lane6,lane6
D18-218452-lane3,d05_D05_lane3,lane3
D18-218452-lane4,d05_D05_lane4,lane4
D18-218452-lane5,d05_D05_lane5,lane5
D18-218452-lane6,d05_D05_lane6,lane6
D18-218453-lane3,d07_D06_lane3,lane3
D18-218453-lane4,d07_D06_lane4,lane4
D18-218453-lane5,d07_D06_lane5,lane5
D18-218453-lane6,d07_D06_lane6,lane6
D18-218454-lane3,d09_D07_lane3,lane3
D18-218454-lane4,d09_D07_lane4,lane4
D18-218454-lane5,d09_D07_lane5,lane5
D18-218454-lane6,d09_D07_lane6,lane6
D18-218455-lane3,d01_D09_lane3,lane3
D18-218455-lane4,d01_D09_lane4,lane4
D18-218455-lane5,d01_D09_lane5,lane5
D18-218455-lane6,d01_D09_lane6,lane6
D18-218456-lane3,d03_D10_lane3,lane3
D18-218456-lane4,d03_D10_lane4,lane4
D18-218456-lane5,d03_D10_lane5,lane5
D18-218456-lane6,d03_D10_lane6,lane6
D18-218457-lane3,d10_D01_lane3,lane3
D18-218457-lane4,d10_D01_lane4,lane4
D18-218457-lane5,d10_D01_lane5,lane5
D18-218457-lane6,d10_D01_lane6,lane6
D18-218458-lane3,d02_D03_lane3,lane3
D18-218458-lane4,d02_D03_lane4,lane4
D18-218458-lane5,d02_D03_lane5,lane5
D18-218458-lane6,d02_D03_lane6,lane6
D18-218459-lane3,d04_D04_lane3,lane3
D18-218459-lane4,d04_D04_lane4,lane4
D18-218459-lane5,d04_D04_lane5,lane5
D18-218459-lane6,d04_D04_lane6,lane6
D18-218460-lane3,d06_D05_lane3,lane3
D18-218460-lane4,d06_D05_lane4,lane4
D18-218460-lane5,d06_D05_lane5,lane5
D18-218460-lane6,d06_D05_lane6,lane6
D18-218461-lane3,d08_D06_lane3,lane3
D18-218461-lane4,d08_D06_lane4,lane4
D18-218461-lane5,d08_D06_lane5,lane5
D18-218461-lane6,d08_D06_lane6,lane6
D18-218462-lane3,d10_D07_lane3,lane3
D18-218462-lane4,d10_D07_lane4,lane4
D18-218462-lane5,d10_D07_lane5,lane5
D18-218462-lane6,d10_D07_lane6,lane6
D18-218463-lane3,d02_D09_lane3,lane3
D18-218463-lane4,d02_D09_lane4,lane4
D18-218463-lane5,d02_D09_lane5,lane5
D18-218463-lane6,d02_D09_lane6,lane6
D18-218464-lane3,d04_D10_lane3,lane3
D18-218464-lane4,d04_D10_lane4,lane4
D18-218464-lane5,d04_D10_lane5,lane5
D18-218464-lane6,d04_D10_lane6,lane6
D18-218465-lane3,d01_D02_lane3,lane3
D18-218465-lane4,d01_D02_lane4,lane4
D18-218465-lane5,d01_D02_lane5,lane5
D18-218465-lane6,d01_D02_lane6,lane6
D18-218466-lane3,d03_D03_lane3,lane3
D18-218466-lane4,d03_D03_lane4,lane4
D18-218466-lane5,d03_D03_lane5,lane5
D18-218466-lane6,d03_D03_lane6,lane6
D18-218467-lane3,d05_D04_lane3,lane3
D18-218467-lane4,d05_D04_lane4,lane4
D18-218467-lane5,d05_D04_lane5,lane5
D18-218467-lane6,d05_D04_lane6,lane6
D18-218468-lane3,d07_D05_lane3,lane3
D18-218468-lane4,d07_D05_lane4,lane4
D18-218468-lane5,d07_D05_lane5,lane5
D18-218468-lane6,d07_D05_lane6,lane6
D18-218469-lane3,d09_D06_lane3,lane3
D18-218469-lane4,d09_D06_lane4,lane4
D18-218469-lane5,d09_D06_lane5,lane5
D18-218469-lane6,d09_D06_lane6,lane6
D18-218470-lane3,d01_D08_lane3,lane3
D18-218470-lane4,d01_D08_lane4,lane4
D18-218470-lane5,d01_D08_lane5,lane5
D18-218470-lane6,d01_D08_lane6,lane6
D18-218471-lane3,d03_D09_lane3,lane3
D18-218471-lane4,d03_D09_lane4,lane4
D18-218471-lane5,d03_D09_lane5,lane5
D18-218471-lane6,d03_D09_lane6,lane6
D18-218472-lane3,d05_D10_lane3,lane3
D18-218472-lane4,d05_D10_lane4,lane4
D18-218472-lane5,d05_D10_lane5,lane5
D18-218472-lane6,d05_D10_lane6,lane6
D18-218473-lane3,d02_D02_lane3,lane3
D18-218473-lane4,d02_D02_lane4,lane4
D18-218473-lane5,d02_D02_lane5,lane5
D18-218473-lane6,d02_D02_lane6,lane6
D18-218474-lane3,d04_D03_lane3,lane3
D18-218474-lane4,d04_D03_lane4,lane4
D18-218474-lane5,d04_D03_lane5,lane5
D18-218474-lane6,d04_D03_lane6,lane6
D18-218475-lane3,d06_D04_lane3,lane3
D18-218475-lane4,d06_D04_lane4,lane4
D18-218475-lane5,d06_D04_lane5,lane5
D18-218475-lane6,d06_D04_lane6,lane6
D18-218476-lane3,d08_D05_lane3,lane3
D18-218476-lane4,d08_D05_lane4,lane4
D18-218476-lane5,d08_D05_lane5,lane5
D18-218476-lane6,d08_D05_lane6,lane6
D18-218477-lane3,d10_D06_lane3,lane3
D18-218477-lane4,d10_D06_lane4,lane4
D18-218477-lane5,d10_D06_lane5,lane5
D18-218477-lane6,d10_D06_lane6,lane6
D18-218478-lane3,d02_D08_lane3,lane3
D18-218478-lane4,d02_D08_lane4,lane4
D18-218478-lane5,d02_D08_lane5,lane5
D18-218478-lane6,d02_D08_lane6,lane6
D18-218479-lane3,d04_D09_lane3,lane3
D18-218479-lane4,d04_D09_lane4,lane4
D18-218479-lane5,d04_D09_lane5,lane5
D18-218479-lane6,d04_D09_lane6,lane6
D18-218480-lane3,d06_D10_lane3,lane3
D18-218480-lane4,d06_D10_lane4,lane4
D18-218480-lane5,d06_D10_lane5,lane5
D18-218480-lane6,d06_D10_lane6,lane6
D18-218481-lane1,d07_D10_lane1,lane1
D18-218481-lane2,d07_D10_lane2,lane2
D18-218482-lane1,d07_D11_lane1,lane1
D18-218482-lane2,d07_D11_lane2,lane2
D18-218483-lane1,d07_D12_lane1,lane1
D18-218483-lane2,d07_D12_lane2,lane2
D18-218484-lane1,d07_D13_lane1,lane1
D18-218484-lane2,d07_D13_lane2,lane2
D18-218485-lane1,d07_D14_lane1,lane1
D18-218485-lane2,d07_D14_lane2,lane2
D18-218486-lane1,a07_D01_lane1,lane1
D18-218486-lane2,a07_D01_lane2,lane2
D18-218487-lane1,b07_D01_lane1,lane1
D18-218487-lane2,b07_D01_lane2,lane2
D18-218488-lane1,c07_D01_lane1,lane1
D18-218488-lane2,c07_D01_lane2,lane2
D18-218489-lane1,d08_D10_lane1,lane1
D18-218489-lane2,d08_D10_lane2,lane2
D18-218490-lane1,d08_D11_lane1,lane1
D18-218490-lane2,d08_D11_lane2,lane2
D18-218491-lane1,d08_D12_lane1,lane1
D18-218491-lane2,d08_D12_lane2,lane2
D18-218492-lane1,d08_D13_lane1,lane1
D18-218492-lane2,d08_D13_lane2,lane2
D18-218493-lane1,d08_D14_lane1,lane1
D18-218493-lane2,d08_D14_lane2,lane2
D18-218494-lane1,a08_D01_lane1,lane1
D18-218494-lane2,a08_D01_lane2,lane2
D18-218495-lane1,b08_D01_lane1,lane1
D18-218495-lane2,b08_D01_lane2,lane2
D18-218496-lane1,c08_D01_lane1,lane1
D18-218496-lane2,c08_D01_lane2,lane2
D18-218497-lane1,d09_D10_lane1,lane1
D18-218497-lane2,d09_D10_lane2,lane2
D18-218498-lane1,d09_D11_lane1,lane1
D18-218498-lane2,d09_D11_lane2,lane2
D18-218499-lane1,d09_D12_lane1,lane1
D18-218499-lane2,d09_D12_lane2,lane2
D18-218500-lane1,d09_D13_lane1,lane1
D18-218500-lane2,d09_D13_lane2,lane2
D18-218501-lane1,d09_D14_lane1,lane1
D18-218501-lane2,d09_D14_lane2,lane2
D18-218502-lane1,a09_D01_lane1,lane1
D18-218502-lane2,a09_D01_lane2,lane2
D18-218503-lane1,b09_D01_lane1,lane1
D18-218503-lane2,b09_D01_lane2,lane2
D18-218504-lane1,c09_D01_lane1,lane1
D18-218504-lane2,c09_D01_lane2,lane2
D18-218505-lane1,d10_D10_lane1,lane1
D18-218505-lane2,d10_D10_lane2,lane2
D18-218506-lane1,d10_D11_lane1,lane1
D18-218506-lane2,d10_D11_lane2,lane2
D18-218507-lane1,d10_D12_lane1,lane1
D18-218507-lane2,d10_D12_lane2,lane2
D18-218508-lane1,d10_D13_lane1,lane1
D18-218508-lane2,d10_D13_lane2,lane2
D18-218509-lane1,d10_D14_lane1,lane1
D18-218509-lane2,d10_D14_lane2,lane2
D18-218510-lane1,a10_D01_lane1,lane1
D18-218510-lane2,a10_D01_lane2,lane2
D18-218511-lane1,b10_D01_lane1,lane1
D18-218511-lane2,b10_D01_lane2,lane2
D18-218512-lane1,c10_D01_lane1,lane1
D18-218512-lane2,c10_D01_lane2,lane2
D18-218513-lane1,d01_D11_lane1,lane1
D18-218513-lane2,d01_D11_lane2,lane2
D18-218514-lane1,d01_D12_lane1,lane1
D18-218514-lane2,d01_D12_lane2,lane2
D18-218515-lane1,d01_D13_lane1,lane1
D18-218515-lane2,d01_D13_lane2,lane2
D18-218516-lane1,d01_D14_lane1,lane1
D18-218516-lane2,d01_D14_lane2,lane2
D18-218517-lane1,a01_D01_lane1,lane1
D18-218517-lane2,a01_D01_lane2,lane2
D18-218518-lane1,b01_D01_lane1,lane1
D18-218518-lane2,b01_D01_lane2,lane2
D18-218519-lane1,c01_D01_lane1,lane1
D18-218519-lane2,c01_D01_lane2,lane2
D18-218520-lane1,a05_D14_lane1,lane1
D18-218520-lane2,a05_D14_lane2,lane2
D18-218521-lane1,d02_D11_lane1,lane1
D18-218521-lane2,d02_D11_lane2,lane2
D18-218522-lane1,d02_D12_lane1,lane1
D18-218522-lane2,d02_D12_lane2,lane2
D18-218523-lane1,d02_D13_lane1,lane1
D18-218523-lane2,d02_D13_lane2,lane2
D18-218524-lane1,d02_D14_lane1,lane1
D18-218524-lane2,d02_D14_lane2,lane2
D18-218525-lane1,a02_D01_lane1,lane1
D18-218525-lane2,a02_D01_lane2,lane2
D18-218526-lane1,b02_D01_lane1,lane1
D18-218526-lane2,b02_D01_lane2,lane2
D18-218527-lane1,c02_D01_lane1,lane1
D18-218527-lane2,c02_D01_lane2,lane2
D18-218528-lane1,a06_D14_lane1,lane1
D18-218528-lane2,a06_D14_lane2,lane2
D18-218529-lane1,d03_D11_lane1,lane1
D18-218529-lane2,d03_D11_lane2,lane2
D18-218530-lane1,d03_D12_lane1,lane1
D18-218530-lane2,d03_D12_lane2,lane2
D18-218531-lane1,d03_D13_lane1,lane1
D18-218531-lane2,d03_D13_lane2,lane2
D18-218532-lane1,d03_D14_lane1,lane1
D18-218532-lane2,d03_D14_lane2,lane2
D18-218533-lane1,a03_D01_lane1,lane1
D18-218533-lane2,a03_D01_lane2,lane2
D18-218534-lane1,b03_D01_lane1,lane1
D18-218534-lane2,b03_D01_lane2,lane2
D18-218535-lane1,c03_D01_lane1,lane1
D18-218535-lane2,c03_D01_lane2,lane2
D18-218536-lane1,a07_D14_lane1,lane1
D18-218536-lane2,a07_D14_lane2,lane2
D18-218537-lane1,d04_D11_lane1,lane1
D18-218537-lane2,d04_D11_lane2,lane2
D18-218538-lane1,d04_D12_lane1,lane1
D18-218538-lane2,d04_D12_lane2,lane2
D18-218539-lane1,d04_D13_lane1,lane1
D18-218539-lane2,d04_D13_lane2,lane2
D18-218540-lane1,d04_D14_lane1,lane1
D18-218540-lane2,d04_D14_lane2,lane2
D18-218541-lane1,a04_D01_lane1,lane1
D18-218541-lane2,a04_D01_lane2,lane2
D18-218542-lane1,b04_D01_lane1,lane1
D18-218542-lane2,b04_D01_lane2,lane2
D18-218543-lane1,c04_D01_lane1,lane1
D18-218543-lane2,c04_D01_lane2,lane2
D18-218544-lane1,a08_D14_lane1,lane1
D18-218544-lane2,a08_D14_lane2,lane2
D18-218545-lane1,d05_D11_lane1,lane1
D18-218545-lane2,d05_D11_lane2,lane2
D18-218546-lane1,d05_D12_lane1,lane1
D18-218546-lane2,d05_D12_lane2,lane2
D18-218547-lane1,d05_D13_lane1,lane1
D18-218547-lane2,d05_D13_lane2,lane2
D18-218548-lane1,d05_D14_lane1,lane1
D18-218548-lane2,d05_D14_lane2,lane2
D18-218549-lane1,a05_D01_lane1,lane1
D18-218549-lane2,a05_D01_lane2,lane2
D18-218550-lane1,b05_D01_lane1,lane1
D18-218550-lane2,b05_D01_lane2,lane2
D18-218551-lane1,c05_D01_lane1,lane1
D18-218551-lane2,c05_D01_lane2,lane2
D18-218552-lane1,a09_D14_lane1,lane1
D18-218552-lane2,a09_D14_lane2,lane2
D18-218553-lane1,d06_D11_lane1,lane1
D18-218553-lane2,d06_D11_lane2,lane2
D18-218554-lane1,d06_D12_lane1,lane1
D18-218554-lane2,d06_D12_lane2,lane2
D18-218555-lane1,d06_D13_lane1,lane1
D18-218555-lane2,d06_D13_lane2,lane2
D18-218556-lane1,d06_D14_lane1,lane1
D18-218556-lane2,d06_D14_lane2,lane2
D18-218557-lane1,a06_D01_lane1,lane1
D18-218557-lane2,a06_D01_lane2,lane2
D18-218558-lane1,b06_D01_lane1,lane1
D18-218558-lane2,b06_D01_lane2,lane2
D18-218559-lane1,c06_D01_lane1,lane1
D18-218559-lane2,c06_D01_lane2,lane2
D18-218560-lane1,a10_D14_lane1,lane1
D18-218560-lane2,a10_D14_lane2,lane2
